-- MySQL dump 10.13  Distrib 8.0.21, for Win64 (x86_64)
--
-- Host: localhost    Database: airbnb
-- ------------------------------------------------------
-- Server version	8.0.21

/*!40101 SET @OLD_CHARACTER_SET_CLIENT=@@CHARACTER_SET_CLIENT */;
/*!40101 SET @OLD_CHARACTER_SET_RESULTS=@@CHARACTER_SET_RESULTS */;
/*!40101 SET @OLD_COLLATION_CONNECTION=@@COLLATION_CONNECTION */;
/*!50503 SET NAMES utf8mb4 */;
/*!40103 SET @OLD_TIME_ZONE=@@TIME_ZONE */;
/*!40103 SET TIME_ZONE='+00:00' */;
/*!40014 SET @OLD_UNIQUE_CHECKS=@@UNIQUE_CHECKS, UNIQUE_CHECKS=0 */;
/*!40014 SET @OLD_FOREIGN_KEY_CHECKS=@@FOREIGN_KEY_CHECKS, FOREIGN_KEY_CHECKS=0 */;
/*!40101 SET @OLD_SQL_MODE=@@SQL_MODE, SQL_MODE='NO_AUTO_VALUE_ON_ZERO' */;
/*!40111 SET @OLD_SQL_NOTES=@@SQL_NOTES, SQL_NOTES=0 */;

--
-- Temporary view structure for view `accounting`
--

DROP TABLE IF EXISTS `accounting`;
/*!50001 DROP VIEW IF EXISTS `accounting`*/;
SET @saved_cs_client     = @@character_set_client;
/*!50503 SET character_set_client = utf8mb4 */;
/*!50001 CREATE VIEW `accounting` AS SELECT 
 1 AS `reservation_number`,
 1 AS `first_name`,
 1 AS `last_name`,
 1 AS `check_in`,
 1 AS `check_out`,
 1 AS `prix_per_night`,
 1 AS `days`,
 1 AS `total_cost`*/;
SET character_set_client = @saved_cs_client;

--
-- Table structure for table `apartments`
--

DROP TABLE IF EXISTS `apartments`;
/*!40101 SET @saved_cs_client     = @@character_set_client */;
/*!50503 SET character_set_client = utf8mb4 */;
CREATE TABLE `apartments` (
  `id` int unsigned NOT NULL AUTO_INCREMENT,
  `id_guests_number` int unsigned NOT NULL,
  `types` enum('private room','entire home') NOT NULL,
  `descriptions` text CHARACTER SET utf8mb4 COLLATE utf8mb4_0900_ai_ci NOT NULL,
  `photo_id` int unsigned NOT NULL,
  `city_id` int unsigned NOT NULL,
  `prix` double NOT NULL,
  `created_at` datetime DEFAULT CURRENT_TIMESTAMP,
  `updated_at` datetime DEFAULT CURRENT_TIMESTAMP ON UPDATE CURRENT_TIMESTAMP,
  PRIMARY KEY (`id`),
  KEY `apartments_photo_id_fk` (`photo_id`),
  KEY `apartments_city_id_prix_idx` (`city_id`,`prix`),
  KEY `apartments_id_guests_number` (`id_guests_number`),
  CONSTRAINT `apartments_city_id_fk` FOREIGN KEY (`city_id`) REFERENCES `cities` (`id`) ON DELETE CASCADE,
  CONSTRAINT `apartments_id_guests_number` FOREIGN KEY (`id_guests_number`) REFERENCES `guests_number` (`id`) ON DELETE CASCADE,
  CONSTRAINT `apartments_photo_id_fk` FOREIGN KEY (`photo_id`) REFERENCES `photos` (`id`) ON DELETE CASCADE
) ENGINE=InnoDB AUTO_INCREMENT=101 DEFAULT CHARSET=utf8mb4 COLLATE=utf8mb4_0900_ai_ci COMMENT='Apartments';
/*!40101 SET character_set_client = @saved_cs_client */;

--
-- Dumping data for table `apartments`
--

LOCK TABLES `apartments` WRITE;
/*!40000 ALTER TABLE `apartments` DISABLE KEYS */;
INSERT INTO `apartments` VALUES (1,5,'private room','Dolores omnis repellendus est. Quam minima tempora alias dolorum. Tempora iusto non in minima.',72,30,362,'2020-11-21 17:24:02','2020-11-21 17:24:02'),(2,4,'entire home','Natus nisi esse tempora maxime enim soluta provident. Voluptatem rerum repudiandae praesentium officiis doloribus laboriosam et quis. Non soluta aperiam et impedit. Ut voluptas provident quisquam nesciunt.',75,19,496,'2020-11-21 17:24:02','2020-11-21 17:24:02'),(3,6,'entire home','Est voluptas earum est sed eveniet at. Iusto officia similique facere facere aut.',51,18,85,'2020-11-21 17:24:02','2020-11-21 17:24:02'),(4,6,'entire home','Quisquam nihil a quo nulla ratione incidunt. Voluptas numquam atque qui architecto sunt placeat. Ipsam eum vel quam fugiat reiciendis. Ut eum dolorem repellat voluptatem ratione accusantium at.',43,51,228,'2020-11-21 17:24:02','2020-11-21 17:24:02'),(5,8,'entire home','Asperiores nobis rerum quia rerum. Omnis ratione qui dolores voluptas id. Corrupti et ut voluptatum amet. Illum ut reprehenderit quis ut aut reiciendis.',19,81,196,'2020-11-21 17:24:02','2020-11-21 17:24:02'),(6,5,'entire home','Velit similique recusandae consequatur. Dolorum dolores nam ullam quia nisi non. Doloremque voluptatem dolorem eligendi beatae maxime. Possimus nihil aut eaque.',38,75,429,'2020-11-21 17:24:02','2020-11-21 17:24:02'),(7,4,'entire home','Veniam magnam aliquid cupiditate ad placeat. Recusandae qui dignissimos et voluptatem quasi hic exercitationem eos. Esse asperiores quaerat molestias quaerat.',57,69,335,'2020-11-21 17:24:02','2020-11-21 17:24:02'),(8,10,'entire home','Ea sequi qui quia deleniti rerum non. Velit aut libero inventore ut officiis iusto. Ea quia distinctio quia recusandae aspernatur perferendis exercitationem voluptas.',86,63,215,'2020-11-21 17:24:02','2020-11-21 17:24:02'),(9,1,'entire home','Neque laboriosam provident incidunt. Qui sapiente incidunt vel deserunt qui fugit eum sit.',90,53,440,'2020-11-21 17:24:02','2020-11-21 17:24:02'),(10,7,'private room','At odit distinctio cum molestiae et. Et nihil debitis dolorem nisi. Impedit at quos non in blanditiis debitis odio.',1,56,110,'2020-11-21 17:24:02','2020-11-21 17:24:02'),(11,9,'entire home','Quis facilis molestias culpa dignissimos quo aspernatur. Occaecati ex libero eos.',54,35,134,'2020-11-21 17:24:02','2020-11-21 17:24:02'),(12,8,'private room','Minima atque ut sint ducimus fugiat. Nemo quae nisi omnis ut ea et velit. Sint et laboriosam deleniti dolor aut est magnam rerum. Assumenda rerum dolores ut nesciunt harum neque rerum.',52,17,116,'2020-11-21 17:24:02','2020-11-21 17:24:02'),(13,9,'entire home','Nobis alias est ullam dicta. Quis est quibusdam nesciunt ex ea distinctio. Vitae iure natus et repellat eius et.',3,74,380,'2020-11-21 17:24:02','2020-11-21 17:24:02'),(14,8,'entire home','Tempore et est quam aut rem minus nihil rerum. Sed libero ut et cumque. Aut tempora pariatur id itaque quos similique consequuntur ut. Ab tempore ipsam id fugit et.',70,83,427,'2020-11-21 17:24:02','2020-11-21 17:24:02'),(15,1,'entire home','Rerum nulla fugiat perspiciatis. Tempore qui placeat blanditiis optio delectus nobis et molestiae. Dolorem dolor id et aut. Fugiat provident similique ipsam ut saepe veniam commodi.',49,76,392,'2020-11-21 17:24:02','2020-11-21 17:24:02'),(16,7,'private room','A dolores sunt provident recusandae. Ratione non dolores placeat quae. Aliquam suscipit repellendus blanditiis adipisci dicta eum nulla eligendi.',27,76,458,'2020-11-21 17:24:02','2020-11-21 17:24:02'),(17,8,'entire home','Voluptas et molestias iure architecto suscipit id. Sit nihil aliquid est sapiente veniam quibusdam hic. Optio eum fuga consequatur ad autem. Dolor enim et maxime dolorem nihil doloribus.',12,48,214,'2020-11-21 17:24:02','2020-11-21 17:24:02'),(18,5,'entire home','Praesentium est provident a odio. Quo sit in dignissimos quae numquam delectus provident. Commodi est corporis exercitationem esse natus deserunt. Ea est enim est asperiores quia laboriosam autem.',5,51,299,'2020-11-21 17:24:02','2020-11-21 17:24:02'),(19,7,'entire home','Qui amet omnis sunt velit. Ratione aspernatur at ut aliquid eveniet voluptatum cumque earum. Ex quia facilis corrupti repudiandae ratione earum. Molestiae incidunt molestias ipsam at iste qui nemo ducimus.',41,56,363,'2020-11-21 17:24:02','2020-11-21 17:24:02'),(20,1,'private room','Et ut et fuga consequatur. Sit incidunt eos reiciendis sed. Deserunt nesciunt vel velit eum. Ea odio numquam sapiente at optio nam quisquam.',55,37,460,'2020-11-21 17:24:02','2020-11-21 17:24:02'),(21,10,'private room','Debitis ex ipsam consequatur dolorum omnis voluptas possimus. Quibusdam cum sed facilis nobis dicta minus doloremque. Sunt saepe praesentium est voluptate numquam quo quisquam dolores.',10,38,187,'2020-11-21 17:24:02','2020-11-21 17:24:02'),(22,7,'private room','Velit alias sapiente accusantium quaerat ipsum facilis aut. Repudiandae ipsa earum sit sint.',23,16,86,'2020-11-21 17:24:02','2020-11-21 17:24:02'),(23,7,'private room','Tempora aliquam aut est. Assumenda ex quidem qui voluptas et sit animi voluptatem. Cumque quia quia pariatur a adipisci quod earum. Dicta quam excepturi dolore sapiente sint omnis pariatur aut.',15,32,340,'2020-11-21 17:24:02','2020-11-21 17:24:02'),(24,1,'private room','Hic quod voluptate id. Quia quia blanditiis tempora sit ut. Iusto sunt nemo dolores.',33,85,199,'2020-11-21 17:24:02','2020-11-21 17:24:02'),(25,8,'private room','Cumque dolores aut ut. Corporis modi maxime nam. Amet nesciunt laborum nemo saepe numquam et laudantium rem.',58,16,307,'2020-11-21 17:24:02','2020-11-21 17:24:02'),(26,4,'entire home','Nihil in et hic suscipit veniam. Optio accusamus dicta quasi qui voluptatum animi.',39,80,417,'2020-11-21 17:24:02','2020-11-21 17:24:02'),(27,3,'private room','Sed veniam et adipisci eum modi voluptas cupiditate. Quis libero beatae non esse sint aliquid. Aliquam et incidunt voluptatem alias. Fuga magnam repellendus a ratione. Voluptatem sit enim in eius a itaque.',73,96,160,'2020-11-21 17:24:02','2020-11-21 17:24:02'),(28,2,'entire home','Beatae et fuga tempore hic et natus dolor. Nostrum voluptates facere deleniti minus sed a.',27,96,323,'2020-11-21 17:24:02','2020-11-21 17:24:02'),(29,3,'entire home','Labore provident officiis et eum distinctio dolores. Omnis et voluptas corporis officiis. Et qui commodi consequuntur quasi accusantium et voluptatem. Amet debitis error consequatur dolore repellendus consectetur modi corrupti.',31,71,344,'2020-11-21 17:24:02','2020-11-21 17:24:02'),(30,3,'entire home','Architecto nostrum doloremque minus ipsum. Facilis et nostrum qui aliquam modi in architecto. Facere qui et nesciunt totam consequatur autem et neque. Deleniti quisquam necessitatibus necessitatibus voluptatibus. Impedit fugit placeat voluptatem eius ipsum.',59,60,158,'2020-11-21 17:24:02','2020-11-21 17:24:02'),(31,3,'entire home','Hic sit et asperiores animi suscipit. Sit libero molestias non culpa aliquid et dolorem eveniet. Expedita ad laborum nisi et.',45,44,82,'2020-11-21 17:24:02','2020-11-21 17:24:02'),(32,3,'private room','Voluptatem officiis deserunt vel ut perferendis. Maxime qui ea voluptas sunt perferendis assumenda. Exercitationem minus sequi molestias. Est omnis eum et asperiores.',63,25,393,'2020-11-21 17:24:02','2020-11-21 17:24:02'),(33,4,'private room','Dignissimos eligendi nulla provident facere sunt nihil eum. Consequatur rerum illo voluptates aut vitae totam. Fuga accusamus optio possimus dolor non quia magnam.',8,11,231,'2020-11-21 17:24:02','2020-11-21 17:24:02'),(34,1,'entire home','Et voluptates labore eum ipsam. Earum omnis accusantium qui eum eligendi libero ea. Magni reiciendis id quas distinctio sint similique repudiandae. Ut soluta rerum et maiores natus. Explicabo possimus similique accusamus sunt cum fuga illo.',37,72,369,'2020-11-21 17:24:02','2020-11-21 17:24:02'),(35,8,'private room','Modi aut saepe corrupti quas. Quas consequatur sit ut. Labore et fugiat unde et. Deserunt a nemo enim officiis. Enim ad pariatur voluptatem voluptas voluptatem perferendis facere.',97,14,278,'2020-11-21 17:24:02','2020-11-21 17:24:02'),(36,1,'private room','Totam vel facilis voluptate sint. Fugit et non voluptatem nesciunt omnis qui autem sed.',72,65,182,'2020-11-21 17:24:02','2020-11-21 17:24:02'),(37,10,'private room','Possimus reprehenderit porro enim dolores voluptas et. Quia culpa et et quia. Quia facilis consequatur aspernatur nostrum ipsum.',19,47,302,'2020-11-21 17:24:02','2020-11-21 17:24:02'),(38,8,'entire home','Rerum omnis qui perferendis et aut non. Quos aut asperiores quas tenetur sed.',96,72,170,'2020-11-21 17:24:02','2020-11-21 17:24:02'),(39,9,'private room','Perspiciatis et consequuntur distinctio nemo dolorum qui exercitationem. Et repellendus dolores doloremque dicta aut fugiat consequuntur. Voluptates dolor pariatur veritatis vero aliquid assumenda nemo.',80,14,494,'2020-11-21 17:24:02','2020-11-21 17:24:02'),(40,6,'entire home','Molestias iusto ad magni odit. Qui non reprehenderit dolorem assumenda. Est dolorem aut dolore et ut dolorem.',65,6,487,'2020-11-21 17:24:02','2020-11-21 17:24:02'),(41,3,'entire home','Tempore velit ea ipsum. Aut dolore adipisci ut blanditiis alias voluptatem sequi. Voluptatem temporibus dolore illo numquam consequatur. Nostrum consequatur qui voluptatibus consequatur inventore sed. Porro quae accusamus occaecati nobis ut.',11,94,103,'2020-11-21 17:24:02','2020-11-21 17:24:02'),(42,3,'entire home','Perspiciatis sed minus voluptas non quisquam. Pariatur necessitatibus laborum veniam ratione debitis quae dolorem. Magni harum quia explicabo sapiente maiores nulla. Et non temporibus nobis reprehenderit vitae ipsa tempore. Laborum velit et perferendis inventore.',50,77,470,'2020-11-21 17:24:02','2020-11-21 17:24:02'),(43,6,'entire home','Dolore quia doloribus amet vel at est dolorem magnam. Quibusdam laboriosam molestiae quae quibusdam repudiandae qui ab porro. Et veritatis ea nihil animi fugiat. Dolor omnis saepe animi rerum architecto sint.',23,43,486,'2020-11-21 17:24:02','2020-11-21 17:24:02'),(44,4,'entire home','Est modi laborum soluta recusandae molestias. Porro at ratione quasi nemo architecto eos sunt est. Culpa occaecati temporibus magni pariatur necessitatibus porro.',9,92,191,'2020-11-21 17:24:02','2020-11-21 17:24:02'),(45,3,'private room','Similique officia labore quis hic sapiente impedit. Recusandae et eum dolorum dolorum ut illo. Dolores quisquam quis placeat. Voluptates sequi natus ullam velit. Vitae quis reprehenderit eaque autem.',20,8,217,'2020-11-21 17:24:02','2020-11-21 17:24:02'),(46,6,'entire home','Sed esse rem dicta dolor officia. Ea dolorum explicabo eos voluptas. Tempore et aspernatur necessitatibus et.',99,93,203,'2020-11-21 17:24:02','2020-11-21 17:24:02'),(47,2,'private room','Dolorum est unde beatae magnam minus. Recusandae iusto dolores molestiae aut numquam aperiam.',91,9,256,'2020-11-21 17:24:02','2020-11-21 17:24:02'),(48,4,'private room','Earum expedita illo et ut aut ut. Quasi et in sed dicta sed est cum. Rerum iure minus modi cum soluta nihil.',67,82,126,'2020-11-21 17:24:02','2020-11-21 17:24:02'),(49,10,'entire home','Aut eveniet quo ut voluptas sint sit distinctio placeat. Consequatur tenetur beatae voluptatem nam. Consequatur dolores nulla laudantium odit. Rem veniam libero voluptatibus quis est ipsa.',14,27,338,'2020-11-21 17:24:02','2020-11-21 17:24:02'),(50,1,'entire home','Consequatur voluptatem deserunt nostrum ea iste perferendis. Iste dolore et ipsam cumque qui dolores porro. Eius voluptas deleniti voluptates nesciunt voluptates aut consequatur inventore. Officiis itaque nemo autem cumque id.',81,18,120,'2020-11-21 17:24:02','2020-11-21 17:24:02'),(51,9,'private room','Nihil saepe officia non voluptas voluptatibus. Voluptate ut est quos non fugiat non. Sequi eius dolor consequatur ducimus.',51,80,407,'2020-11-21 17:24:02','2020-11-21 17:24:02'),(52,3,'entire home','Iusto dicta consectetur omnis culpa rem facere alias. Aut ea iste tempora ducimus quae. Rerum est aperiam rerum blanditiis et. Delectus in ut sed voluptas molestiae dolores delectus. Aliquid voluptatem omnis qui iusto in.',12,55,296,'2020-11-21 17:24:02','2020-11-21 17:24:02'),(53,6,'entire home','Ipsam amet voluptatibus est deleniti cumque iusto id. Nihil officia eligendi qui veritatis aut sed.',87,19,345,'2020-11-21 17:24:02','2020-11-21 17:24:02'),(54,2,'entire home','Necessitatibus ut dolor sequi sed quasi. Voluptas laboriosam dolor porro aut rerum eaque. Voluptates nihil non reiciendis ut delectus.',80,64,474,'2020-11-21 17:24:02','2020-11-21 17:24:02'),(55,10,'private room','Doloremque alias quo quam voluptas omnis illo porro blanditiis. Fugiat perspiciatis voluptate quae. Molestiae libero reiciendis architecto est debitis officia. Molestiae quo non et totam.',57,3,119,'2020-11-21 17:24:02','2020-11-21 17:24:02'),(56,1,'private room','Dolorem neque placeat occaecati. Recusandae est quo nostrum itaque. Sit dolores adipisci necessitatibus ipsa aut. Labore provident consequatur quae porro et. Et sit in exercitationem explicabo recusandae occaecati.',61,70,369,'2020-11-21 17:24:02','2020-11-21 17:24:02'),(57,10,'private room','Soluta temporibus aut facere ad quod. Iusto ipsam itaque vel distinctio cum. Autem veritatis et porro laudantium laudantium. Ipsa ipsum earum ut et facilis.',14,21,234,'2020-11-21 17:24:02','2020-11-21 17:24:02'),(58,3,'private room','Ad nihil voluptate dolor culpa quisquam consequatur quod. Et nesciunt voluptatem beatae sunt. Sed fugit voluptatem nostrum veniam qui.',13,33,142,'2020-11-21 17:24:02','2020-11-21 17:24:02'),(59,10,'entire home','Deleniti doloribus laboriosam voluptas. Harum quasi tempora voluptate quas exercitationem voluptas inventore. Iste corporis deserunt iure aliquid sed. Doloremque non impedit temporibus rerum consequatur est.',64,85,202,'2020-11-21 17:24:02','2020-11-21 17:24:02'),(60,8,'entire home','Et et quas molestiae eos ducimus. Omnis perferendis sapiente illum iste ut error non. Consequuntur non facilis voluptatem.',57,26,103,'2020-11-21 17:24:02','2020-11-21 17:24:02'),(61,6,'private room','Laboriosam quaerat vel aut. Iure modi assumenda praesentium ea et quidem ut. Possimus laborum mollitia aut quisquam.',70,17,332,'2020-11-21 17:24:02','2020-11-21 17:24:02'),(62,8,'private room','Explicabo sed dicta rem voluptates. Eos sit quam qui. Aut nihil dolor ex placeat repellat libero et nihil.',90,86,312,'2020-11-21 17:24:02','2020-11-21 17:24:02'),(63,1,'private room','Nam illo et aut expedita assumenda culpa at. Et soluta et omnis harum dignissimos est. Fugit voluptatum modi eos neque ipsam quod saepe. Repellat qui nostrum iure deleniti eum.',19,89,194,'2020-11-21 17:24:02','2020-11-21 17:24:02'),(64,5,'entire home','Delectus vel corrupti nesciunt aut. Rerum aut aut enim minima magni natus totam. Esse ut eos at molestias ut quidem.',90,54,448,'2020-11-21 17:24:02','2020-11-21 17:24:02'),(65,8,'entire home','Tempore omnis quos quam mollitia nisi perspiciatis cum. Totam vero sint aspernatur.',3,31,486,'2020-11-21 17:24:02','2020-11-21 17:24:02'),(66,7,'private room','Eos deserunt vero quo voluptatibus est. Voluptatum repellat sint magni. Ratione eveniet cupiditate sit quaerat. Recusandae quis et aut qui voluptas quisquam qui.',2,60,402,'2020-11-21 17:24:02','2020-11-21 17:24:02'),(67,5,'entire home','Esse sed delectus consequatur atque. Atque rem expedita et. Ea ipsam dignissimos itaque officiis cumque ab provident cupiditate. Dolore est molestiae consectetur vitae ipsam.',1,52,164,'2020-11-21 17:24:02','2020-11-21 17:24:02'),(68,7,'private room','Consequuntur et officia nam. Quis placeat et est est nesciunt repudiandae. Quae amet consequatur numquam. Enim ea beatae accusamus odit expedita.',97,84,99,'2020-11-21 17:24:02','2020-11-21 17:24:02'),(69,7,'entire home','Itaque ut quia repellat ex. Et et qui expedita illum voluptatum. Qui tenetur officiis doloribus recusandae. Dolorem quo facere distinctio. In provident qui voluptas placeat a.',52,27,255,'2020-11-21 17:24:02','2020-11-21 17:24:02'),(70,3,'entire home','Consectetur sequi enim laudantium et repellendus sunt. Aut et qui et delectus voluptas eveniet. Reprehenderit possimus delectus est laudantium sed quis. Tempora aut ut qui vitae et.',17,78,385,'2020-11-21 17:24:02','2020-11-21 17:24:02'),(71,3,'entire home','Dolorem quaerat et in est enim laudantium. Aut sint repellat dolorem dolore est eveniet. Omnis nulla praesentium sequi tempora. Totam illum et iste dignissimos aliquam voluptas non. Ipsam est dolorem nobis dolores non nihil temporibus.',59,55,325,'2020-11-21 17:24:02','2020-11-21 17:24:02'),(72,1,'entire home','Aliquam at ducimus provident suscipit. Vel sit vero iure quis dicta. Voluptates placeat dolorem ipsa.',83,49,403,'2020-11-21 17:24:02','2020-11-21 17:24:02'),(73,1,'entire home','Distinctio molestiae laborum similique magnam est cupiditate a. Adipisci aspernatur officia nulla non possimus aut perspiciatis.',15,92,476,'2020-11-21 17:24:02','2020-11-21 17:24:02'),(74,9,'private room','Velit ut distinctio et consequatur quia autem. Autem deleniti eligendi accusamus qui.',39,63,146,'2020-11-21 17:24:02','2020-11-21 17:24:02'),(75,7,'entire home','Laboriosam nisi omnis sunt non aperiam sunt. Ut officia facere mollitia qui id. Dicta ut temporibus pariatur voluptatum quis libero iste cumque.',14,27,457,'2020-11-21 17:24:02','2020-11-21 17:24:02'),(76,10,'entire home','A quo iusto harum veritatis. A facilis ut aut consequatur. Quia aperiam ut aut in voluptatem expedita voluptatum. Occaecati error voluptate sit voluptatem.',100,88,180,'2020-11-21 17:24:02','2020-11-21 17:24:02'),(77,10,'entire home','Debitis labore dolorem nemo corporis veniam voluptatibus ut. Est magni enim ut commodi nihil reprehenderit eum. Sed voluptate exercitationem iure voluptatem eos. Similique necessitatibus aspernatur aperiam est.',66,51,484,'2020-11-21 17:24:02','2020-11-21 17:24:02'),(78,9,'entire home','Enim quo culpa accusamus vel. Impedit enim sunt ex non ut. Asperiores explicabo animi sint eius voluptatem numquam aut.',97,20,437,'2020-11-21 17:24:02','2020-11-21 17:24:02'),(79,7,'entire home','Aliquam qui consequuntur est ut voluptas dolore aliquam eaque. Dolorem corrupti sint ipsum.',23,62,229,'2020-11-21 17:24:02','2020-11-21 17:24:02'),(80,7,'entire home','Perspiciatis eligendi numquam ad odit. Porro ea qui laboriosam maiores quia. Enim accusantium et earum et. Qui sit laborum et odio minima blanditiis quia doloribus.',29,28,196,'2020-11-21 17:24:02','2020-11-21 17:24:02'),(81,9,'entire home','Quia aspernatur fugit enim odit suscipit. Eligendi minima eos quia tempora reprehenderit. Architecto nihil omnis maxime accusantium. Nam nemo consequatur architecto vitae consectetur eos. Autem aperiam explicabo facilis voluptates consequatur rem ab.',19,52,442,'2020-11-21 17:24:02','2020-11-21 17:24:02'),(82,9,'private room','Aspernatur nostrum sequi atque aut nobis ut porro aut. Facilis et sed quam culpa et quas.',83,91,355,'2020-11-21 17:24:02','2020-11-21 17:24:02'),(83,5,'entire home','Minus consequatur magni ducimus neque odio. A qui fugiat et animi. Voluptatibus voluptates eum eligendi voluptas perspiciatis.',40,71,496,'2020-11-21 17:24:02','2020-11-21 17:24:02'),(84,10,'entire home','Omnis sed provident illum quod eius. Non voluptas quis necessitatibus deleniti corrupti. Incidunt porro ut quam occaecati harum dolores.',68,96,157,'2020-11-21 17:24:02','2020-11-21 17:24:02'),(85,5,'entire home','Quis illo ullam consequatur doloribus accusantium similique dignissimos molestiae. Vitae iure aut illum rem. Qui voluptatem asperiores incidunt sed aliquam quae repudiandae.',49,69,306,'2020-11-21 17:24:02','2020-11-21 17:24:02'),(86,10,'entire home','In quia placeat aspernatur quasi rem deleniti quasi. Dolores magni fuga qui nemo voluptas aspernatur nihil. Soluta veritatis saepe ut delectus. Minus quisquam iure voluptatem aut quis.',41,45,316,'2020-11-21 17:24:02','2020-11-21 17:24:02'),(87,7,'entire home','Exercitationem suscipit id est repudiandae odio et magnam. Maiores eligendi ut officia at. Libero non est pariatur similique at sint. Autem culpa impedit debitis.',96,32,453,'2020-11-21 17:24:02','2020-11-21 17:24:02'),(88,6,'private room','Accusantium sit ut est voluptatem earum. Et et natus unde facere ducimus tempore voluptatem assumenda. Molestiae a delectus doloremque at magnam officiis. Non corrupti cupiditate labore dignissimos ea sed expedita totam.',88,76,456,'2020-11-21 17:24:02','2020-11-21 17:24:02'),(89,8,'private room','Autem dolor et vero. Voluptas consequatur fugiat quod porro. Quo ut autem quas natus aut. Et excepturi numquam enim quod est corrupti amet.',62,29,221,'2020-11-21 17:24:02','2020-11-21 17:24:02'),(90,5,'entire home','Quas natus sunt dolor autem ipsa. Commodi atque dolore suscipit hic sed. Assumenda provident fugiat aut eos. Repellendus voluptates similique aut quo dolor ex qui.',44,39,126,'2020-11-21 17:24:02','2020-11-21 17:24:02'),(91,7,'private room','Culpa blanditiis eligendi beatae deserunt quis ut. Sint voluptatem mollitia corrupti temporibus. Itaque hic non dignissimos iure.',56,52,372,'2020-11-21 17:24:02','2020-11-21 17:24:02'),(92,2,'private room','Non harum eaque architecto aperiam. Iusto sit quo impedit possimus dolorem. Ea sit omnis eos est. Voluptas rem qui in dolor eos impedit.',69,41,179,'2020-11-21 17:24:02','2020-11-21 17:24:02'),(93,5,'entire home','Quo nemo rerum ut. Aliquid molestias unde explicabo eum voluptate deleniti alias officiis. Sequi sapiente dolorum maiores a.',40,47,492,'2020-11-21 17:24:02','2020-11-21 17:24:02'),(94,5,'entire home','Facilis aut aliquam est quia est nobis. Aut deserunt eligendi voluptates quia consequatur. Quam voluptatem vel facilis quia.',61,81,131,'2020-11-21 17:24:02','2020-11-21 17:24:02'),(95,9,'private room','Consectetur et magnam illo inventore voluptatem. Quae eveniet voluptatum voluptatibus. Aut sed aut ab eaque.',76,53,395,'2020-11-21 17:24:02','2020-11-21 17:24:02'),(96,9,'entire home','Tenetur perspiciatis mollitia ut enim. Vel quis necessitatibus alias omnis veritatis totam voluptate similique. Et unde cum laborum fuga ut unde.',99,33,422,'2020-11-21 17:24:02','2020-11-21 17:24:02'),(97,7,'private room','Fugiat nihil non fugit tempore consequatur officiis harum. Eveniet molestias harum veritatis autem ratione ducimus. Recusandae non fugiat voluptas laborum. Commodi eum natus laborum quibusdam fuga.',4,83,446,'2020-11-21 17:24:02','2020-11-21 17:24:02'),(98,7,'entire home','Sunt nemo vero suscipit eum quia nihil. Similique molestiae dolorem tenetur voluptatem ipsa. Voluptatibus reiciendis qui et consequatur consectetur nihil.',29,86,431,'2020-11-21 17:24:02','2020-11-21 17:24:02'),(99,3,'private room','Nesciunt architecto corrupti ea sed voluptatem odit. Sit atque molestias occaecati. Dicta commodi blanditiis adipisci eum asperiores. Ut ea nesciunt id beatae eos ab.',83,49,403,'2020-11-21 17:24:02','2020-11-21 17:24:02'),(100,8,'entire home','Natus sit accusamus doloribus iure. Quis et aut perferendis vel voluptatum tempore. Ut ex et dolorem suscipit dolorem ratione. At autem corporis quas architecto repudiandae corrupti quo.',14,28,389,'2020-11-21 17:24:02','2020-11-21 17:24:02');
/*!40000 ALTER TABLE `apartments` ENABLE KEYS */;
UNLOCK TABLES;

--
-- Table structure for table `cities`
--

DROP TABLE IF EXISTS `cities`;
/*!40101 SET @saved_cs_client     = @@character_set_client */;
/*!50503 SET character_set_client = utf8mb4 */;
CREATE TABLE `cities` (
  `id` int unsigned NOT NULL AUTO_INCREMENT,
  `country_id` int unsigned DEFAULT NULL,
  `name` varchar(50) NOT NULL,
  `created_at` datetime DEFAULT CURRENT_TIMESTAMP,
  `updated_at` datetime DEFAULT CURRENT_TIMESTAMP ON UPDATE CURRENT_TIMESTAMP,
  PRIMARY KEY (`id`),
  UNIQUE KEY `name` (`name`),
  KEY `cities_country_id_fk` (`country_id`),
  CONSTRAINT `cities_country_id_fk` FOREIGN KEY (`country_id`) REFERENCES `countries` (`id`) ON DELETE SET NULL
) ENGINE=InnoDB AUTO_INCREMENT=101 DEFAULT CHARSET=utf8mb4 COLLATE=utf8mb4_0900_ai_ci COMMENT='Сities';
/*!40101 SET character_set_client = @saved_cs_client */;

--
-- Dumping data for table `cities`
--

LOCK TABLES `cities` WRITE;
/*!40000 ALTER TABLE `cities` DISABLE KEYS */;
INSERT INTO `cities` VALUES (1,52,'Shermanton','1998-05-29 10:19:16','1970-02-24 00:13:44'),(2,65,'Hoppefort','1974-08-09 17:29:01','1990-09-16 20:53:49'),(3,98,'Boyleville','1999-03-16 13:41:28','2004-12-27 10:38:26'),(4,50,'East Leonardochester','1993-05-08 01:29:49','1978-01-19 06:54:13'),(5,41,'North Deshawnmouth','2007-10-03 23:54:48','1982-04-02 04:57:28'),(6,71,'Gutkowskiville','1987-01-22 03:28:54','1994-05-04 12:12:32'),(7,80,'North Rashadstad','2008-01-10 13:48:21','2008-10-08 20:23:14'),(8,9,'Rempelburgh','1980-06-30 02:43:20','2003-08-19 04:20:33'),(9,92,'Bufordchester','1996-10-25 00:23:49','1980-06-25 05:24:31'),(10,100,'Port Christophebury','1971-12-16 08:24:15','1979-03-06 18:44:39'),(11,4,'Yundtborough','2000-04-03 23:22:32','1994-09-18 07:05:53'),(12,86,'Feeneyfort','1970-08-13 21:47:25','1979-09-17 12:26:21'),(13,7,'East Clemens','1990-09-19 04:47:49','1979-11-28 18:25:43'),(14,86,'Merlinland','2014-10-02 12:07:16','1979-12-03 18:54:28'),(15,97,'Lynchhaven','2000-10-27 21:43:17','1996-02-29 00:27:50'),(16,74,'New Keatonview','2002-05-21 22:27:04','2013-02-10 04:47:45'),(17,44,'Jaskolskimouth','2009-12-14 18:50:28','2013-08-07 20:18:32'),(18,95,'Lake Joannie','1988-12-23 06:45:30','1998-08-22 22:00:32'),(19,71,'West Zelma','1985-09-07 11:56:38','1998-10-26 08:29:43'),(20,96,'Jaleelview','1971-05-18 20:26:03','1970-03-31 00:16:38'),(21,39,'Zulaufton','2004-01-12 20:20:12','2013-01-19 14:48:54'),(22,82,'Bartolettimouth','2018-04-01 23:02:49','1992-09-29 20:59:16'),(23,54,'Wehnerstad','1975-08-17 02:39:40','2012-01-01 20:05:31'),(24,93,'New Linwood','1978-12-26 07:36:56','1979-08-22 06:02:30'),(25,16,'Volkmanville','2007-01-23 00:47:41','1992-12-29 05:19:09'),(26,57,'Lake Bartholomeberg','1985-01-13 14:02:48','2019-06-15 06:08:35'),(27,14,'South Harold','2013-02-11 11:14:15','1984-11-17 13:32:32'),(28,71,'West Roselynhaven','1990-02-09 22:22:48','1991-08-16 12:55:58'),(29,50,'Kileyville','1990-01-12 06:09:04','2014-02-06 14:58:37'),(30,8,'Dickifort','1977-07-05 04:35:57','1989-01-12 07:53:12'),(31,1,'Moscow','1999-11-29 23:55:49','2020-11-22 17:33:49'),(32,58,'Wuckertville','2011-12-09 11:45:15','1997-03-21 18:20:37'),(33,19,'Littleport','1980-03-14 20:18:26','2000-09-26 00:42:33'),(34,64,'Berenicehaven','2018-08-11 10:44:22','2003-11-21 11:35:27'),(35,25,'Lake Novellafort','1978-04-03 02:19:35','1988-07-08 06:31:33'),(36,60,'South Vernon','1996-11-09 14:36:19','2011-06-19 12:15:20'),(37,75,'Lysannetown','1981-06-01 17:16:30','1988-07-23 15:15:03'),(38,23,'Schuppeberg','2017-10-07 00:38:45','2018-06-08 15:05:40'),(39,69,'New Manuela','1980-11-28 09:07:02','2002-07-01 18:30:03'),(40,13,'New Olin','1981-09-04 23:47:29','2020-11-06 23:09:20'),(41,25,'North Selmer','1992-03-25 03:06:58','2010-06-01 14:11:13'),(42,29,'Dejahbury','1975-03-23 10:58:33','1980-06-22 03:37:37'),(43,60,'North Millermouth','2019-11-10 15:25:20','1984-08-10 22:06:17'),(44,84,'North Myah','2011-05-28 16:14:07','1979-12-13 01:13:41'),(45,23,'O\'Keefeville','2000-07-09 03:12:41','1983-05-30 17:10:08'),(46,57,'Patsyburgh','1992-06-19 06:55:59','1972-02-06 14:51:53'),(47,31,'South Emmiefurt','1990-05-18 05:09:34','1991-08-22 00:29:38'),(48,41,'South Moriah','2018-10-17 15:21:47','1990-02-23 05:03:19'),(49,89,'Lake Jazlyn','1971-08-16 02:12:24','2007-07-19 04:32:54'),(50,3,'Breitenbergburgh','2003-10-31 22:53:43','1978-03-05 11:23:11'),(51,67,'North Caesarchester','1987-03-25 17:58:55','1985-08-19 16:06:16'),(52,58,'East Maureen','1973-02-01 23:45:06','2001-03-14 05:40:25'),(53,7,'North Dorastad','1991-01-12 13:25:52','1999-06-17 08:21:03'),(54,84,'Huldachester','2015-05-05 11:03:56','2010-02-24 03:43:45'),(55,92,'New Angusland','1974-03-26 00:43:39','2016-03-10 20:10:01'),(56,60,'West Yesenia','2013-07-04 13:26:57','1984-11-09 10:55:54'),(57,39,'Rolandohaven','2010-02-13 10:14:12','1988-08-22 09:42:48'),(58,11,'Fabianshire','1990-09-06 09:26:05','1980-06-07 08:21:49'),(59,89,'Cheyenneberg','1986-04-29 12:13:13','2010-03-06 14:55:31'),(60,45,'Hammesborough','1978-12-05 11:44:10','2009-10-12 06:15:46'),(61,7,'Port Toby','2020-07-26 20:08:57','1990-01-13 10:49:29'),(62,19,'Nicolaschester','2010-10-17 12:30:16','1977-12-19 20:52:07'),(63,31,'Lake Vicente','2004-04-14 17:49:19','1997-01-13 19:59:25'),(64,58,'Spinkastad','1975-03-04 07:42:31','1971-02-16 01:15:31'),(65,46,'West Tremayneview','2015-02-23 19:30:36','1994-05-12 09:02:50'),(66,45,'Lake Emieview','2020-05-16 08:23:52','2004-02-11 12:20:42'),(67,17,'Ferrytown','2012-10-31 22:21:17','1980-01-25 07:42:21'),(68,16,'Lake Benedict','1980-03-12 11:56:28','1988-11-22 06:00:31'),(69,67,'Walkermouth','2010-03-27 12:03:20','2005-11-01 20:16:56'),(70,12,'New Dominique','1987-05-16 05:29:31','2020-06-14 14:54:02'),(71,24,'Forrestbury','2016-10-05 03:32:33','2010-09-14 17:18:02'),(72,67,'East Terence','1984-01-16 02:16:59','2009-11-22 02:50:40'),(73,4,'Swiftstad','1977-06-24 10:08:45','2003-08-12 11:39:42'),(74,94,'North Rayside','2001-06-29 05:47:12','1972-09-01 11:44:15'),(75,76,'North Reyborough','2010-05-13 13:40:00','1971-09-16 06:34:16'),(76,51,'Auroremouth','2001-08-01 09:19:46','2017-03-22 22:26:36'),(77,92,'Bernhardshire','1986-07-09 12:54:04','1974-05-03 19:36:30'),(78,20,'Veronaborough','1972-11-28 02:30:00','1970-06-25 19:36:23'),(79,88,'East Josefa','1971-12-26 20:40:08','1970-02-01 22:32:40'),(80,6,'Rueckermouth','1996-03-03 10:29:14','2020-04-27 14:04:46'),(81,46,'New D\'angelo','2002-11-11 02:00:52','1990-05-25 05:07:08'),(82,94,'Williamsonberg','2012-06-07 11:25:49','2002-09-04 13:25:25'),(83,100,'Martamouth','2006-04-16 04:09:19','1970-04-20 09:42:36'),(84,18,'South Jo','2018-05-22 09:04:48','2014-10-24 11:48:05'),(85,39,'Wunschport','2006-09-05 10:26:46','1971-05-25 00:15:01'),(86,21,'East Rogers','2016-02-09 15:11:58','1977-09-28 10:52:43'),(87,47,'Port Anahihaven','2018-04-27 18:47:52','1979-05-23 22:35:13'),(88,22,'Lake Gay','1973-06-14 03:06:04','1974-06-11 23:19:58'),(89,12,'South Letitiafurt','1976-05-08 06:13:21','2017-04-19 07:31:28'),(90,12,'West Albertton','1981-01-23 08:29:19','1997-08-20 08:18:18'),(91,79,'East Marjoriefort','1990-07-28 23:41:41','1985-05-09 07:37:07'),(92,40,'Nikolausview','2012-11-21 05:01:10','2018-02-05 20:08:18'),(93,52,'New Hayley','1981-12-28 10:56:18','1976-04-19 22:40:48'),(94,78,'Elvashire','1976-03-02 00:28:24','1995-11-14 23:14:32'),(95,4,'Feeneystad','1989-12-27 23:05:17','1987-09-19 15:28:27'),(96,70,'Pricemouth','1999-08-09 20:37:38','2006-11-04 21:15:54'),(97,2,'North Lupe','1983-12-07 23:49:13','2001-06-09 07:07:21'),(98,3,'Lake Josie','1971-02-04 22:45:03','2003-06-06 05:41:38'),(99,60,'Huelsberg','1973-03-02 23:42:38','1999-05-13 21:25:52'),(100,2,'Jaydonview','1992-05-10 06:30:34','1997-07-16 17:25:35');
/*!40000 ALTER TABLE `cities` ENABLE KEYS */;
UNLOCK TABLES;

--
-- Table structure for table `countries`
--

DROP TABLE IF EXISTS `countries`;
/*!40101 SET @saved_cs_client     = @@character_set_client */;
/*!50503 SET character_set_client = utf8mb4 */;
CREATE TABLE `countries` (
  `id` int unsigned NOT NULL AUTO_INCREMENT,
  `name` varchar(50) NOT NULL,
  `created_at` datetime DEFAULT CURRENT_TIMESTAMP,
  `updated_at` datetime DEFAULT CURRENT_TIMESTAMP ON UPDATE CURRENT_TIMESTAMP,
  PRIMARY KEY (`id`),
  UNIQUE KEY `name` (`name`)
) ENGINE=InnoDB AUTO_INCREMENT=101 DEFAULT CHARSET=utf8mb4 COLLATE=utf8mb4_0900_ai_ci COMMENT='Сountries';
/*!40101 SET character_set_client = @saved_cs_client */;

--
-- Dumping data for table `countries`
--

LOCK TABLES `countries` WRITE;
/*!40000 ALTER TABLE `countries` DISABLE KEYS */;
INSERT INTO `countries` VALUES (1,'Russia','2014-12-15 17:22:34','2020-11-22 17:31:29'),(2,'Hong Kong','1991-06-25 14:39:50','2004-02-15 10:50:47'),(3,'Moldova','1978-06-04 03:31:12','1997-05-20 21:24:53'),(4,'Ethiopia','1983-07-31 18:45:55','2002-01-04 10:38:00'),(5,'Tokelau','2010-09-10 22:58:19','1979-03-15 11:37:30'),(6,'Panama','2017-06-05 18:37:57','2013-02-06 15:37:22'),(7,'Samoa','2014-01-06 08:36:47','1977-07-25 05:37:29'),(8,'Burundi','1986-02-20 23:16:17','1979-06-18 22:44:35'),(9,'Tanzania','1987-07-12 04:26:34','1981-12-23 14:24:30'),(10,'Estonia','1970-12-11 20:53:39','2007-05-05 15:20:30'),(11,'Turkmenistan','2008-04-06 16:13:48','2013-04-27 15:32:35'),(12,'Venezuela','1993-01-02 04:46:22','1975-12-22 06:22:10'),(13,'Luxembourg','2020-01-21 03:00:35','1996-03-26 18:28:47'),(14,'Sierra Leone','1996-05-27 14:49:44','1988-05-16 17:33:54'),(15,'Zimbabwe','1997-05-15 20:40:29','2007-10-09 12:47:17'),(16,'American Samoa','1974-11-06 19:22:25','1973-05-30 22:23:23'),(17,'United States Virgin Islands','1988-12-07 13:40:52','2003-11-21 13:30:41'),(18,'Montserrat','1998-10-21 10:58:19','2010-04-12 23:50:25'),(19,'Argentina','1992-08-16 17:52:23','1979-12-14 01:48:26'),(20,'Belarus','1992-07-26 22:08:46','1985-05-23 22:04:04'),(21,'Cambodia','1992-07-09 14:05:34','2003-10-16 11:34:44'),(22,'Monaco','1974-12-25 08:45:55','2012-10-29 15:49:55'),(23,'Saint Kitts and Nevis','1990-09-10 04:59:23','1990-09-10 06:10:07'),(24,'Italy','1977-02-13 07:31:22','2006-02-14 23:22:45'),(25,'Ecuador','1983-02-28 22:56:21','1973-02-14 05:03:20'),(26,'Japan','2009-11-18 00:44:37','2018-05-06 00:30:32'),(27,'Isle of Man','1995-09-09 01:23:52','2011-05-23 18:05:37'),(28,'Falkland Islands (Malvinas)','2015-07-19 07:08:44','1996-12-23 19:19:08'),(29,'Suriname','1997-11-16 05:50:19','1982-02-23 16:54:36'),(30,'Zambia','2007-10-29 02:27:39','2011-10-16 01:42:58'),(31,'Guinea-Bissau','2018-01-15 07:55:47','2011-12-12 19:27:21'),(32,'Saint Martin','2019-05-20 18:56:37','2014-03-26 04:06:36'),(33,'Brazil','2007-05-01 14:01:37','1972-10-27 09:10:04'),(34,'Latvia','2013-07-19 08:06:39','1983-12-12 20:53:37'),(35,'New Caledonia','1985-12-26 00:46:04','2015-05-28 14:51:19'),(36,'Iceland','1974-08-28 10:44:31','2005-03-01 15:52:33'),(37,'Germany','1995-12-08 11:47:50','1971-05-24 11:21:16'),(38,'Denmark','2006-02-22 02:07:15','2005-05-26 20:18:51'),(39,'Slovakia (Slovak Republic)','1972-11-24 15:39:36','2001-04-16 14:37:07'),(40,'Vanuatu','1978-03-29 06:27:06','2012-07-14 00:03:17'),(41,'Costa Rica','1989-04-01 00:37:08','2012-12-03 12:10:48'),(42,'Reunion','2001-07-21 23:41:00','2019-04-12 21:54:29'),(43,'Namibia','2002-09-19 11:09:05','2006-01-30 23:36:53'),(44,'Philippines','2018-05-19 16:09:11','1993-11-17 22:22:06'),(45,'South Georgia and the South Sandwich Islands','2010-05-17 12:14:46','1978-03-06 20:21:24'),(46,'Norfolk Island','2008-05-05 04:22:30','2009-01-24 21:49:54'),(47,'Solomon Islands','1977-04-14 19:13:39','2008-05-01 15:58:09'),(48,'Andorra','1986-04-24 20:33:29','2016-05-22 18:28:20'),(49,'New Zealand','1976-11-17 16:23:45','1981-07-06 08:50:51'),(50,'Croatia','1971-07-13 14:40:16','1981-10-04 01:16:43'),(51,'Guatemala','1988-06-07 17:13:15','1973-01-16 12:54:32'),(52,'Switzerland','2018-03-21 20:44:45','2011-06-26 18:14:26'),(53,'Madagascar','1982-12-09 22:36:25','1991-03-21 22:42:49'),(54,'Paraguay','2004-09-03 20:13:48','2018-12-20 03:34:36'),(55,'Nepal','2014-04-18 13:53:50','2000-06-13 08:41:37'),(56,'Heard Island and McDonald Islands','2011-11-05 07:12:49','1984-06-03 15:23:32'),(57,'Antigua and Barbuda','2013-03-21 11:13:02','2017-04-07 15:38:34'),(58,'France','2002-09-08 04:02:18','1972-01-30 20:57:20'),(59,'Bermuda','2009-04-14 16:07:48','2007-09-05 08:47:45'),(60,'French Polynesia','1976-10-24 07:22:30','2019-10-24 05:58:33'),(61,'San Marino','2001-04-07 18:26:12','1980-03-18 00:53:53'),(62,'Fiji','1982-04-04 23:35:40','1979-05-20 23:12:21'),(63,'Taiwan','2008-09-11 03:09:25','2020-09-17 11:30:28'),(64,'Marshall Islands','1974-03-04 05:09:43','2016-03-13 07:51:49'),(65,'Morocco','1993-06-24 18:59:40','2017-10-14 19:50:29'),(66,'Mayotte','1980-10-17 12:53:00','1996-12-11 15:46:35'),(67,'Guadeloupe','1985-02-11 06:44:33','2012-05-07 15:04:15'),(68,'Saint Vincent and the Grenadines','2016-03-06 17:24:09','2015-07-11 18:21:31'),(69,'Holy See (Vatican City State)','1985-10-31 01:41:27','2003-12-06 17:53:31'),(70,'French Southern Territories','2006-11-16 15:33:24','1985-08-03 01:40:20'),(71,'Colombia','1991-10-17 23:20:10','2013-05-23 10:13:59'),(72,'Mauritania','1990-07-14 11:39:42','1977-02-22 09:54:58'),(73,'Cocos (Keeling) Islands','1976-12-29 06:55:36','1992-05-24 11:54:50'),(74,'Micronesia','2019-06-30 07:45:44','1995-03-19 06:25:41'),(75,'Russian Federation','1987-05-17 17:05:24','1978-12-27 22:37:01'),(76,'Guam','1988-02-09 18:34:00','2001-06-17 23:59:24'),(77,'Singapore','2003-10-17 05:34:18','1972-07-10 10:21:16'),(78,'Lithuania','1986-11-30 08:59:10','2019-09-23 16:43:43'),(79,'Oman','2015-02-27 23:25:51','2014-06-27 12:58:46'),(80,'British Indian Ocean Territory (Chagos Archipelago','1980-03-20 23:43:31','2012-11-29 17:41:35'),(81,'United Arab Emirates','2019-09-02 19:28:06','1987-01-30 01:50:47'),(82,'Mali','1970-08-01 23:11:12','1986-03-14 12:49:43'),(83,'Gabon','2001-10-26 13:21:01','1984-05-23 17:15:51'),(84,'Syrian Arab Republic','1987-04-17 06:37:30','2017-03-17 08:22:26'),(85,'Djibouti','2015-03-06 07:34:01','2003-08-03 23:27:16'),(86,'Nicaragua','1982-08-01 15:33:12','1979-09-30 17:24:25'),(87,'Wallis and Futuna','1995-08-27 19:46:22','2001-02-17 20:45:40'),(88,'Vietnam','2011-12-20 16:16:40','1999-08-26 10:36:51'),(89,'Guyana','2007-06-24 16:26:22','2008-02-24 10:15:09'),(90,'Iraq','1987-11-20 18:35:36','1985-06-07 20:29:48'),(91,'Jersey','2016-02-29 05:24:59','1982-03-08 05:44:44'),(92,'El Salvador','1983-06-28 20:36:57','1994-07-06 05:32:42'),(93,'French Guiana','1971-10-05 14:09:56','1977-09-18 23:42:49'),(94,'Albania','2016-11-05 21:28:06','1974-09-23 15:15:55'),(95,'Ghana','1970-06-16 16:09:31','1991-05-07 18:41:33'),(96,'Netherlands','2015-10-10 18:13:49','2015-09-21 14:29:16'),(97,'Montenegro','2010-02-08 23:32:02','1987-02-20 17:33:38'),(98,'Kazakhstan','2002-01-20 02:15:30','1997-03-25 19:08:05'),(99,'Cote d\'Ivoire','1995-10-17 18:44:27','2005-09-19 04:05:00'),(100,'Romania','2012-12-30 07:06:37','1990-09-08 18:06:46');
/*!40000 ALTER TABLE `countries` ENABLE KEYS */;
UNLOCK TABLES;

--
-- Table structure for table `guests_number`
--

DROP TABLE IF EXISTS `guests_number`;
/*!40101 SET @saved_cs_client     = @@character_set_client */;
/*!50503 SET character_set_client = utf8mb4 */;
CREATE TABLE `guests_number` (
  `id` int unsigned NOT NULL AUTO_INCREMENT,
  `numbers` int unsigned NOT NULL,
  PRIMARY KEY (`id`)
) ENGINE=InnoDB AUTO_INCREMENT=11 DEFAULT CHARSET=utf8mb4 COLLATE=utf8mb4_0900_ai_ci;
/*!40101 SET character_set_client = @saved_cs_client */;

--
-- Dumping data for table `guests_number`
--

LOCK TABLES `guests_number` WRITE;
/*!40000 ALTER TABLE `guests_number` DISABLE KEYS */;
INSERT INTO `guests_number` VALUES (1,1),(2,2),(3,3),(4,4),(5,5),(6,6),(7,7),(8,8),(9,9),(10,10);
/*!40000 ALTER TABLE `guests_number` ENABLE KEYS */;
UNLOCK TABLES;

--
-- Table structure for table `messages`
--

DROP TABLE IF EXISTS `messages`;
/*!40101 SET @saved_cs_client     = @@character_set_client */;
/*!50503 SET character_set_client = utf8mb4 */;
CREATE TABLE `messages` (
  `id` int unsigned NOT NULL AUTO_INCREMENT,
  `from_user_id` int unsigned NOT NULL,
  `to_user_id` int unsigned NOT NULL,
  `body` text NOT NULL,
  `created_at` datetime DEFAULT CURRENT_TIMESTAMP,
  `updated_at` datetime DEFAULT CURRENT_TIMESTAMP ON UPDATE CURRENT_TIMESTAMP,
  PRIMARY KEY (`id`),
  KEY `messages_to_user_id_fk` (`to_user_id`),
  KEY `messages_from_user_id_to_user_id_idx` (`from_user_id`,`to_user_id`),
  CONSTRAINT `messages_from_user_id_fk` FOREIGN KEY (`from_user_id`) REFERENCES `users` (`id`) ON DELETE CASCADE,
  CONSTRAINT `messages_to_user_id_fk` FOREIGN KEY (`to_user_id`) REFERENCES `users` (`id`) ON DELETE CASCADE
) ENGINE=InnoDB AUTO_INCREMENT=101 DEFAULT CHARSET=utf8mb4 COLLATE=utf8mb4_0900_ai_ci COMMENT='Messages';
/*!40101 SET character_set_client = @saved_cs_client */;

--
-- Dumping data for table `messages`
--

LOCK TABLES `messages` WRITE;
/*!40000 ALTER TABLE `messages` DISABLE KEYS */;
INSERT INTO `messages` VALUES (1,5,25,'Autem eum odio dolores corrupti beatae. Perferendis optio porro cumque repellendus iusto mollitia. Quam a cupiditate quam fuga in voluptatem id. Consectetur tempora aut enim accusantium velit.','1971-12-26 02:56:33','2020-11-22 12:29:55'),(2,5,14,'Sunt officiis consequuntur numquam. Ut minima ipsum molestiae asperiores voluptate aliquid quis. Nam iste expedita consequatur illo consequatur maxime rem voluptatibus. Provident quis vitae in ut voluptate illo. Praesentium eos ea quas est ea harum.','1978-09-12 16:11:29','2020-11-22 12:29:55'),(3,5,63,'Ut sunt quia voluptatibus ut ullam laborum. Omnis consequatur maxime odio et. Facilis et quas impedit suscipit quia perspiciatis inventore.','2018-09-10 10:50:23','2020-11-22 12:29:55'),(4,69,52,'Non voluptatem est illum autem non tenetur voluptatem. Perferendis pariatur dolores dolorum ipsam rerum. Deleniti esse id ut quod. Explicabo omnis magnam commodi animi.','2017-10-12 04:28:35','2011-05-28 13:17:53'),(5,27,41,'Vero non iusto velit sint molestias. Hic assumenda amet quia maiores enim est. Non minus ut eos sit consequuntur itaque vitae. Exercitationem beatae suscipit minima aut tempore.','2001-08-29 15:42:01','2019-07-23 08:45:06'),(6,6,80,'Exercitationem quo debitis consequatur maxime dolor provident in. Sapiente eum velit sequi temporibus voluptates dolorem. Sint qui quia et facilis. At itaque aut deleniti recusandae impedit voluptatum sit molestiae.','2012-09-27 08:01:53','1995-10-25 18:15:39'),(7,89,41,'Necessitatibus qui quod quia itaque. Ad illo laborum praesentium iste vitae ex quia. Tempore itaque enim nihil esse cupiditate cum. Debitis in consequatur nobis ut odio eveniet.','2005-01-30 05:36:33','2020-02-25 15:48:10'),(8,74,91,'Delectus qui molestiae ut sit quos aliquid. Nostrum nulla quod architecto. Sapiente ut quidem aut id nisi aut.','2003-02-06 00:14:04','2003-08-09 00:35:48'),(9,79,43,'Officia quae ipsa iure sint modi facere velit repellat. Dolorem deleniti qui ut iste expedita. Beatae error ducimus rerum sunt illum sed qui quod.','1977-09-07 01:24:21','2017-12-27 08:09:11'),(10,35,78,'Consequatur fuga qui nihil dolor doloribus omnis. Id numquam culpa magnam autem. Minima nisi sint eaque et quos sit quis. Assumenda vitae nihil voluptas.','1985-12-16 09:45:23','1971-12-09 00:52:28'),(11,77,90,'Excepturi iure quasi ducimus facere ut natus autem. Iusto porro officiis provident sequi. Vitae maiores dolore adipisci molestias voluptatem et aspernatur. Aliquam pariatur maxime expedita porro architecto in.','1984-12-29 03:22:42','1990-03-01 07:13:55'),(12,61,73,'Dolorem aut nemo voluptas voluptatum nisi rerum. Dicta aperiam nulla dolorem ut ut dignissimos perspiciatis. Architecto consequatur dolorem velit. Omnis a sed qui enim illum labore odio.','2006-07-08 02:12:32','1988-07-30 18:40:16'),(13,85,23,'Aut neque natus dolorem dolorem. Exercitationem exercitationem ea quia nobis vel cupiditate maxime odio. Dolor et eaque atque. Quia consequatur in cum placeat et autem. Omnis molestiae repudiandae autem unde itaque.','1988-06-14 02:41:15','1986-12-18 05:07:01'),(14,47,98,'Dolorem molestias sequi natus qui labore quia explicabo. Cupiditate occaecati iusto reprehenderit aliquam. Est libero nostrum voluptas maiores. Et id rerum eum dolor.','2005-11-02 08:18:25','2001-03-24 11:33:53'),(15,14,84,'Laboriosam dolor quo eligendi quo tenetur. Incidunt accusantium nihil natus rerum aut. Vitae rerum voluptates non dolor et tempore.','1980-04-11 23:06:58','1987-10-15 11:06:46'),(16,95,18,'Officiis modi quo qui in. Accusantium blanditiis neque quis optio sapiente iste esse.','2019-03-22 08:04:58','2010-09-24 22:39:48'),(17,88,45,'Quis cupiditate rerum beatae consequatur. Ut eum officia quaerat earum at omnis. Ea quod nulla pariatur sapiente nam praesentium. Quia maiores omnis expedita optio. Rerum magnam quidem dignissimos amet ea harum.','2006-01-13 09:55:15','1999-10-05 21:42:41'),(18,69,50,'Ut dignissimos libero dolores libero inventore exercitationem delectus. Omnis aut voluptatem similique. Magnam odit sed cum quis hic sit optio dolore. Velit harum itaque non at voluptatem. Sint deserunt numquam similique velit ut nisi excepturi esse.','1978-09-25 02:56:33','1973-05-12 21:00:13'),(19,8,80,'Magni sunt velit ea ipsam. Nobis qui qui repellat numquam ducimus expedita. Dolor sit minus harum nihil atque dolor amet. Aliquam aut asperiores ut non culpa expedita.','1974-08-13 01:10:33','1988-06-07 08:59:45'),(20,64,86,'Assumenda unde voluptas ex mollitia omnis. Suscipit nesciunt odit pariatur odio sed voluptas totam. Est sit omnis sunt consequuntur hic. Ut nesciunt ea possimus facere suscipit dicta.','2004-12-29 23:20:44','1981-06-02 15:52:54'),(21,73,19,'Fuga maxime optio beatae et culpa et iusto. A mollitia ad quo est. Magnam quae eveniet voluptatum voluptatem qui est ipsam. Natus labore maxime esse numquam est nisi porro.','2008-06-15 22:10:07','1984-03-17 05:45:27'),(22,78,5,'Adipisci earum rem ea a. Nobis perferendis pariatur quidem voluptas optio natus molestiae. Aut repudiandae sed quo aperiam fuga sunt quis praesentium.','2014-06-22 08:53:49','2020-11-22 12:12:59'),(23,59,58,'Adipisci qui dolores omnis molestiae consequatur saepe qui. In veritatis ipsum consequatur aliquid. Sed voluptatum laboriosam tempore esse incidunt sapiente.','1982-11-04 10:58:08','2005-05-28 16:46:12'),(24,24,95,'Amet molestias totam corporis sunt veritatis. Rem accusamus cum et. Praesentium aspernatur hic id ut. Et et eum a omnis non harum qui deleniti.','2000-12-25 02:22:57','2020-11-18 15:57:07'),(25,23,5,'Sunt debitis nulla veniam voluptates optio voluptas consectetur iure. Et eius voluptatibus accusamus qui. Est autem aperiam quos aspernatur dolores fugiat. Molestias et et nam vero quia ut et.','1976-06-01 21:57:34','2020-11-22 12:12:59'),(26,61,97,'Ut itaque rerum culpa consequatur perspiciatis. Reiciendis et voluptatem quas. Non dignissimos iste omnis tempora. Enim quo repellat dolor voluptate doloribus amet. Eos omnis et aperiam magnam et.','1998-09-13 02:13:19','1979-06-01 16:49:08'),(27,75,62,'Ullam a sed suscipit molestiae. Ea magnam recusandae voluptatem similique. Ea facilis officiis non fuga. Vero est quis voluptatem qui.','1989-08-18 18:24:53','1979-04-01 03:19:24'),(28,75,27,'Ipsum aperiam rerum sit omnis minima ut cum. Aut iusto corporis molestiae et deserunt voluptates commodi. Magni pariatur non temporibus sed. Itaque amet sed dolorem enim quia.','2011-06-16 18:05:43','1973-12-05 10:23:26'),(29,62,55,'Eum esse dolorem dolor est porro fugit. Vel numquam deserunt enim modi rerum. Adipisci et non velit nihil. Rerum sed in tempore saepe aut. Voluptas quaerat animi nobis expedita qui laborum.','2001-11-23 12:22:08','2017-09-26 11:31:23'),(30,96,89,'Officiis voluptas et debitis debitis quos. Voluptatem nihil saepe dolores sit est. Vel vitae minima et accusantium quasi inventore.','2005-03-21 05:54:11','2012-06-09 02:27:21'),(31,66,69,'Corporis sit illum accusamus eum fugit quibusdam. Dolore reprehenderit quis labore sunt reprehenderit consectetur. Iste suscipit est et dolorum et quibusdam. Blanditiis ea dicta accusantium quia necessitatibus quidem nesciunt consequuntur. Exercitationem facere culpa molestias optio veniam similique itaque qui.','1987-06-02 16:27:04','2019-10-28 11:11:21'),(32,23,5,'Exercitationem laudantium quasi culpa et blanditiis. Aut quibusdam ea illum. Et ut magni ut quibusdam corporis. Rerum odit corrupti iusto maiores ducimus.','1973-09-26 17:07:59','2020-11-22 12:12:59'),(33,49,70,'Velit omnis labore non exercitationem voluptas dicta non quis. Quaerat at pariatur non aut. Eum incidunt autem dolorem. Quibusdam non labore impedit deleniti vel inventore sed.','1993-11-05 18:49:45','1972-08-08 02:46:02'),(34,77,4,'Maxime et velit fuga deleniti nam. Ea est et quod autem perferendis temporibus qui. Officia reiciendis et amet voluptatem accusamus temporibus.','2018-12-26 21:37:46','2000-05-09 21:13:31'),(35,33,13,'Sapiente possimus ut beatae enim cumque dolores aut. Et magnam non ea officiis laudantium et asperiores. Aperiam nemo autem dolor. Ipsam voluptatibus aut placeat sequi ipsum.','1990-11-30 09:35:06','2003-11-20 10:05:26'),(36,13,13,'Amet dolorem delectus quos quo perspiciatis aut sit fuga. Doloremque reiciendis eveniet nesciunt et aliquid. Aut eveniet sit quia qui. Voluptates non quo fugit velit aut est.','2015-02-01 02:50:21','2005-10-03 12:24:08'),(37,94,13,'Doloribus nobis sed et modi maiores similique. Corporis cupiditate quam vitae quia. Voluptatum unde tempore sed quae necessitatibus.','1971-09-17 21:02:18','1998-06-21 06:24:34'),(38,2,82,'Autem tenetur omnis qui nulla. Excepturi quia praesentium qui repellendus.','1993-04-15 18:38:56','1986-09-09 13:48:25'),(39,35,98,'Provident expedita officiis blanditiis debitis qui quia. Dolor veniam possimus sint sint dolore. Delectus qui quidem minima sunt aut harum.','1982-05-20 03:35:38','1975-02-08 15:20:29'),(40,51,15,'Nemo et corporis voluptas nihil velit necessitatibus. Alias velit dolor eaque perferendis. Nostrum rem dicta aliquid consectetur.','1979-01-24 07:10:55','1984-04-09 14:52:11'),(41,34,76,'Dolores quisquam earum pariatur placeat fugit placeat nesciunt. Natus et iusto culpa. Et commodi vel enim quas. Natus harum sint est delectus nostrum omnis.','1998-08-27 08:22:12','1995-10-07 21:49:56'),(42,21,12,'Eos animi ullam est vero delectus culpa. Debitis suscipit ducimus sunt quis. Sequi minus in incidunt corrupti.','2006-05-07 14:31:58','1985-08-19 18:13:33'),(43,96,76,'Aut hic consequatur perspiciatis neque dolorem. Adipisci rerum enim magnam quas omnis. Quia perferendis iusto tenetur dicta. Id natus aut vero repellendus.','1998-11-15 06:28:09','2011-04-14 07:07:24'),(44,63,1,'Qui ex soluta amet reiciendis soluta. Iusto quos adipisci qui et ut odit. Qui nam velit nihil dignissimos repudiandae enim. Ex sint laboriosam ducimus minus autem omnis quas.','2020-06-28 11:32:10','1987-09-09 22:35:25'),(45,77,17,'Eos sed porro dolorum corrupti. Iusto voluptates rerum totam consequuntur sed. Quas inventore et eaque quam. Quo nobis repellat harum autem. Occaecati tempore quos atque dignissimos est dolorem molestiae.','1973-10-06 15:56:33','1971-04-25 19:13:55'),(46,72,64,'Repellendus quia et pariatur dolores recusandae sit repellat facere. Inventore qui est sed quidem vitae quos illum tempore. Praesentium deleniti officiis est facere voluptas suscipit molestiae. Laudantium qui iste qui rem earum neque dignissimos.','1999-02-28 05:26:59','1985-11-10 17:24:24'),(47,82,27,'Fugiat autem quia id repellat non et. Vel magnam dolorem natus eveniet. Est mollitia rerum recusandae aut aspernatur velit eveniet et. Ab eum cupiditate quia eligendi et modi.','2017-03-26 05:32:52','1989-07-07 12:10:18'),(48,25,1,'Vero reiciendis pariatur rerum. Ut similique qui fugiat consequatur hic repellendus odit. Ut qui quasi voluptatem vero aut expedita. Corrupti eum est exercitationem. Deserunt cupiditate non laborum est necessitatibus est.','2005-05-17 21:08:12','2015-05-07 18:51:29'),(49,63,55,'Autem consectetur unde voluptatem repellendus nulla eaque sed. Enim sit ducimus ut nam debitis. Voluptatum in reiciendis esse reprehenderit accusamus ea. Aut dolorem et voluptas quis. Omnis molestiae voluptates reiciendis nemo.','2019-02-25 01:40:38','2016-09-13 00:48:01'),(50,90,99,'Et vel corporis molestiae id numquam placeat eligendi. Eligendi itaque tempora eum illo. Dolores ipsam quos facilis qui et.','2007-04-22 09:18:18','1985-02-10 09:44:27'),(51,7,97,'Voluptatem eligendi doloribus voluptatibus in et quis impedit occaecati. Maiores molestiae enim saepe aut debitis vitae et harum. Non esse consectetur et rerum ut.','1970-08-24 01:23:47','1974-06-26 01:05:37'),(52,47,74,'Ad excepturi in impedit quasi necessitatibus aut dolor. Reprehenderit totam nobis explicabo dolorum itaque quo. Non molestias unde rem quisquam eaque iusto maxime nihil. Sed nihil porro magnam dicta.','1975-01-19 00:01:11','1999-06-23 16:32:20'),(53,16,52,'Architecto nesciunt laudantium voluptas earum. Quo laboriosam qui sunt praesentium reprehenderit hic dolorem. Maiores facilis aut et dolorem laboriosam. Exercitationem et dolor blanditiis.','1971-08-28 00:40:29','1972-09-30 23:05:30'),(54,76,11,'Aperiam reprehenderit ducimus et ipsam deleniti minus. Commodi quas vitae est sapiente est recusandae ea. Voluptas itaque velit non iusto quia sit et aliquid. Quaerat est rerum dignissimos rerum harum libero. Quod omnis deserunt voluptas.','1988-05-16 00:32:11','2016-06-16 22:38:43'),(55,57,7,'Qui magnam numquam modi doloribus. Vero omnis laborum neque temporibus voluptatem libero sed provident. Deserunt delectus consequatur dolorem delectus qui saepe quibusdam.','1971-05-13 17:31:50','1996-05-27 09:17:15'),(56,24,51,'Omnis excepturi porro praesentium quasi autem excepturi sit. Similique voluptatibus vitae deleniti temporibus. Architecto atque ut cupiditate minus. Qui ut consequatur corrupti exercitationem iure.','1986-06-22 22:28:34','2012-11-03 20:28:13'),(57,37,44,'Eligendi eum id recusandae sequi placeat. Et ullam quis corrupti quia consequuntur est. Qui molestiae ullam itaque repudiandae.','2004-09-22 11:02:29','1994-03-31 05:06:00'),(58,5,63,'Sed velit ut omnis accusantium autem minus distinctio. Modi id dolorem repudiandae omnis vitae dolores est. Quo omnis voluptatibus maiores. Alias odio modi beatae animi.','1996-07-30 10:20:27','2020-11-22 12:29:55'),(59,74,4,'Non voluptas magni veniam a delectus. Et velit magnam minus cumque eos id natus. Aut quas atque ratione qui accusantium.','2008-05-16 09:14:00','1979-09-05 07:49:16'),(60,79,35,'Ex earum neque commodi iste reiciendis est eligendi. Nesciunt voluptatem illo nam voluptatum laborum distinctio amet. Aut et quasi ut ipsum. Est necessitatibus corrupti consequatur autem fugiat aut itaque.','1976-04-15 16:28:39','1987-03-13 01:41:04'),(61,61,91,'Magni quo nam adipisci voluptate aut. Voluptatem quia est ipsum cupiditate et perspiciatis eaque. Excepturi modi omnis qui molestias dolore. Dolores voluptas enim molestiae in reiciendis.','2004-07-15 06:26:48','1973-12-11 21:57:22'),(62,36,88,'Aperiam eaque doloribus similique ad enim illum. Praesentium voluptatibus facilis explicabo sequi voluptatum. Omnis error et harum molestiae qui ad. Dignissimos consequatur quis veritatis perspiciatis et ea voluptates.','1981-05-20 16:12:14','1981-08-18 07:47:52'),(63,30,77,'Et inventore ut quis non sapiente perspiciatis. Ut dolorem porro est nostrum et rerum qui.','1976-07-15 04:21:05','2001-03-21 20:56:58'),(64,53,85,'Optio aut tenetur autem vel. Et similique quidem corporis incidunt pariatur vitae. Assumenda optio asperiores enim nihil tempora sunt adipisci.','1972-01-11 07:10:13','1989-10-06 15:03:00'),(65,82,34,'Ut hic nihil qui aut et. Et facere asperiores nihil quia accusamus nemo. Saepe eos sit quidem qui iusto.','1997-05-04 01:43:24','2007-03-10 17:19:04'),(66,30,75,'Quod autem id aperiam eius. Quas illo voluptas quia illo. Est omnis debitis fuga beatae culpa. Iste et sit omnis doloremque.','2018-06-28 03:08:23','1980-07-26 19:32:49'),(67,99,64,'Deleniti maxime in non. Voluptatem placeat nihil consequatur impedit perferendis temporibus eaque.','2016-12-15 14:11:18','1985-02-10 11:26:27'),(68,67,94,'Dolores suscipit quia est aspernatur reprehenderit. Quam est perspiciatis laboriosam et aut exercitationem doloribus et. Nobis eos quis cupiditate voluptatem aut sint. Qui enim sit sapiente.','2000-04-02 22:25:04','2018-09-05 23:27:57'),(69,40,70,'Ex quia in id magni. Maiores cupiditate asperiores accusantium quia dolorem. Et rem commodi ipsum qui.','2004-06-22 08:20:41','1974-07-14 21:10:04'),(70,83,46,'Maiores alias sint voluptatem quia quia consectetur alias. Recusandae error accusantium aperiam molestias. Dignissimos fugit est quis odit deleniti repellendus. Ut excepturi omnis assumenda corrupti expedita placeat.','1978-09-13 14:53:13','2012-06-14 12:38:53'),(71,70,31,'Saepe porro eum rerum ad sapiente voluptatem hic. At alias molestiae reprehenderit architecto. Assumenda culpa ipsam eos saepe sint facere quod qui. Dolorem architecto dolorem iste ut sint non.','2014-05-07 09:55:44','1999-08-04 01:52:14'),(72,57,98,'Asperiores non vel architecto animi et. Cupiditate sunt non qui quod sed sed maiores nihil. Aut amet est placeat qui.','1986-08-10 10:50:31','2000-08-29 05:34:30'),(73,37,89,'Reprehenderit aut omnis illum dignissimos. A voluptate quasi consequatur. Nostrum enim exercitationem consequatur aut blanditiis aut. Mollitia eum cumque praesentium sit ut eligendi.','2006-07-09 07:54:53','1974-02-04 16:01:44'),(74,56,5,'Aut neque modi ad sint assumenda cum. Quisquam laboriosam numquam quam ea. Possimus iure alias voluptas excepturi molestias. Aut maiores voluptas dignissimos nobis non natus.','1999-02-06 18:57:25','2020-11-22 12:12:59'),(75,54,45,'Qui aperiam eum ut non ea magnam et rerum. Enim cupiditate eum sit ut nulla. Sit adipisci cupiditate aliquam ab. Nihil quibusdam tempora est est qui voluptatem est quasi.','1990-09-23 13:31:24','1974-08-22 12:01:17'),(76,62,17,'Ut vitae omnis delectus illum. Illum eos optio harum. Deserunt a cumque recusandae voluptatum eaque. Est numquam aut non mollitia dolorum qui perferendis. Et ipsam molestiae quis reprehenderit voluptas et.','2012-05-09 21:32:28','2004-11-03 01:42:25'),(77,82,17,'Ut placeat dolor cumque. Nobis et at quaerat. Impedit numquam sunt molestiae voluptas.','1983-02-11 03:26:05','1977-06-20 07:24:04'),(78,7,86,'Et quo est at harum. Quia consequuntur deleniti est voluptatem voluptatem pariatur. Pariatur adipisci recusandae tempore quam rerum omnis ipsam.','1997-08-01 17:59:56','1978-08-21 11:23:20'),(79,25,64,'Odit aut quae pariatur molestiae incidunt mollitia consequatur. Alias et ad non est aut. Porro voluptatem odio est quos consequuntur perspiciatis.','1999-05-05 08:59:48','1982-04-30 08:39:49'),(80,91,40,'Nemo est ullam tenetur fuga quis placeat nobis. Impedit voluptatem iste nemo consequatur doloremque et minima voluptatem. Accusamus in ut et. Minus facere fuga tenetur tempora autem impedit recusandae.','1997-06-13 05:27:08','2008-02-22 14:17:59'),(81,19,43,'Iusto ratione quas omnis et quia. Deleniti sint fuga atque ea. Blanditiis illum eaque sed in in. Laudantium alias eum ipsam id sed quas totam odio.','1973-06-24 11:21:14','1992-08-17 08:01:43'),(82,48,50,'In sed sint cupiditate voluptate. Id consequatur dolor autem asperiores tempora. Ullam dolorum aut ipsam est vero.','1974-04-07 01:53:48','2020-09-28 10:34:17'),(83,71,49,'Ipsa eum veniam rem hic. Ea illum soluta expedita omnis aut beatae aut.','2019-05-06 14:07:44','2019-01-27 05:08:24'),(84,5,25,'Veritatis libero eius dicta voluptatem. Dolores fugit hic est numquam.','1986-03-22 07:44:10','2020-11-22 12:29:55'),(85,78,5,'Tenetur optio consequatur quam placeat exercitationem magnam. Corrupti id reprehenderit beatae et maiores nam omnis.','2003-04-12 15:09:19','2020-11-22 12:12:59'),(86,78,5,'Ducimus officia ipsam ut reprehenderit. Possimus impedit ut odio beatae rerum dignissimos. Dolorem qui fugiat voluptas repudiandae alias. Beatae nemo quam deserunt qui est.','1993-01-19 06:39:33','2020-11-22 12:12:59'),(87,38,95,'Numquam tempora eaque nihil enim repudiandae sunt ipsa. Et omnis consequatur ea. Ratione voluptate quas dolorum aut ut consequatur praesentium dolorem. Ea nulla quam tenetur fugit.','2015-04-06 12:07:10','1983-03-19 02:55:32'),(88,7,22,'Et qui amet et repellendus quos saepe vitae eaque. Cumque reiciendis facilis ullam velit. Et suscipit rerum autem a laudantium cupiditate.','2011-12-25 20:48:25','2014-03-07 00:46:49'),(89,23,5,'Tenetur corporis ratione praesentium qui dignissimos numquam. Voluptate rem rerum vero deleniti quae modi fuga. Illo quod unde facilis nam ad vero. Ut sed atque sint voluptas deleniti placeat omnis. Quia tenetur blanditiis voluptatem sint.','1975-02-22 19:39:39','2020-11-22 12:12:59'),(90,70,5,'Fugit accusantium eum eaque. Necessitatibus nulla voluptas officia debitis. Quibusdam dignissimos eos est modi saepe.','1999-10-26 09:34:14','1978-07-07 09:17:36'),(91,70,53,'Iusto non dolorum tempore ut ipsa libero beatae. Cupiditate nihil in veniam voluptates. Perferendis inventore qui deserunt accusamus earum est sint. Et cum atque eveniet quibusdam quia sapiente est.','1998-07-29 08:07:11','2010-07-10 18:47:22'),(92,13,4,'Quia autem quis totam quis amet sunt quia. Nostrum unde corporis nobis quo repellendus sunt. Minus ab non blanditiis consequuntur ipsum facere.','1981-08-19 03:03:54','2017-12-20 20:11:05'),(93,33,29,'Sit exercitationem vero facere. Quas voluptas officia voluptates et inventore voluptatibus vero. Quae est pariatur rem iure.','1980-02-04 07:11:44','2007-07-12 21:10:25'),(94,47,89,'Qui omnis neque soluta quis nulla quas. Enim omnis est quos iure et rerum. Similique nihil sapiente reprehenderit sunt quos dolorum ea provident. Alias sit molestias veniam iusto deserunt eos et.','1977-10-04 10:50:37','1981-01-03 14:26:41'),(95,68,22,'Harum voluptatem distinctio aut ut. Rerum sed nulla dolorum provident laboriosam.','1991-11-07 23:36:34','1986-04-10 15:40:10'),(96,40,18,'Ratione saepe accusantium voluptatem nemo labore praesentium aut. Id et error odit culpa molestiae. Quo ex illum voluptas nihil omnis.','1990-04-06 02:53:19','1976-06-20 06:45:24'),(97,76,47,'Labore impedit et animi id sint rem. Ea itaque dolorum nostrum et repudiandae et ut iste. Voluptatem hic consequuntur commodi et repudiandae magni accusantium quo.','2004-11-16 01:53:52','1987-02-25 03:20:02'),(98,77,36,'Quibusdam tempora natus quia expedita tenetur ea. Fuga blanditiis dignissimos quod dolor. Molestiae non distinctio iure voluptas eos enim reiciendis.','2019-11-01 16:55:23','1972-10-15 00:12:52'),(99,23,5,'Numquam voluptas autem aut enim suscipit porro. Repellendus repellendus dolores omnis rerum ipsa veniam voluptatem.','1997-04-30 04:09:28','2020-11-22 12:12:59'),(100,17,31,'Aut sapiente ut a tempora. Eos quia labore impedit nam. Incidunt eaque provident alias placeat sit numquam harum. Neque eos et quibusdam ut quis. Porro iure eligendi veniam veritatis dolor quisquam laudantium.','1997-02-26 13:04:43','2004-04-30 15:31:16');
/*!40000 ALTER TABLE `messages` ENABLE KEYS */;
UNLOCK TABLES;

--
-- Table structure for table `photos`
--

DROP TABLE IF EXISTS `photos`;
/*!40101 SET @saved_cs_client     = @@character_set_client */;
/*!50503 SET character_set_client = utf8mb4 */;
CREATE TABLE `photos` (
  `id` int unsigned NOT NULL AUTO_INCREMENT,
  `filename` varchar(255) NOT NULL,
  `size` int NOT NULL,
  `metadata` json DEFAULT NULL,
  `created_at` datetime DEFAULT CURRENT_TIMESTAMP,
  `updated_at` datetime DEFAULT CURRENT_TIMESTAMP ON UPDATE CURRENT_TIMESTAMP,
  PRIMARY KEY (`id`)
) ENGINE=InnoDB AUTO_INCREMENT=101 DEFAULT CHARSET=utf8mb4 COLLATE=utf8mb4_0900_ai_ci COMMENT='Photos';
/*!40101 SET character_set_client = @saved_cs_client */;

--
-- Dumping data for table `photos`
--

LOCK TABLES `photos` WRITE;
/*!40000 ALTER TABLE `photos` DISABLE KEYS */;
INSERT INTO `photos` VALUES (1,'http://dropbox.net/airbnb/http://lorempixel.com/640/480/O\'Hara.jpeg',26327,'{\"owner\": \"Will Goyette\"}','1990-07-10 06:05:00','2020-11-21 18:47:23'),(2,'http://dropbox.net/airbnb/http://lorempixel.com/640/480/Feest.jpeg',27489,'{\"owner\": \"Nia Dach\"}','1989-01-08 00:24:18','2020-11-21 18:47:23'),(3,'http://dropbox.net/airbnb/http://lorempixel.com/640/480/Thiel.jpeg',119063,'{\"owner\": \"Ray Anderson\"}','2012-12-28 14:29:03','2020-11-21 18:47:23'),(4,'http://dropbox.net/airbnb/http://lorempixel.com/640/480/Langworth.jpeg',32466,'{\"owner\": \"Mohamed Torp\"}','2013-07-08 22:17:29','2020-11-21 18:47:23'),(5,'http://dropbox.net/airbnb/http://lorempixel.com/640/480/Hoeger.jpeg',65352,'{\"owner\": \"Lowell Heaney\"}','1973-12-28 21:13:58','2020-11-21 18:47:23'),(6,'http://dropbox.net/airbnb/http://lorempixel.com/640/480/Stoltenberg.jpeg',114693,'{\"owner\": \"Keegan Zemlak\"}','2001-11-06 01:55:16','2020-11-21 18:47:23'),(7,'http://dropbox.net/airbnb/http://lorempixel.com/640/480/Konopelski.jpeg',43598,'{\"owner\": \"Clotilde Beer\"}','2019-04-09 13:19:39','2020-11-21 18:47:23'),(8,'http://dropbox.net/airbnb/http://lorempixel.com/640/480/Herzog.jpeg',99279,'{\"owner\": \"Laury Hodkiewicz\"}','2005-08-27 01:45:26','2020-11-21 18:47:23'),(9,'http://dropbox.net/airbnb/http://lorempixel.com/640/480/Little.jpeg',27766,'{\"owner\": \"Kattie Schuster\"}','1998-04-11 04:10:08','2020-11-21 18:47:23'),(10,'http://dropbox.net/airbnb/http://lorempixel.com/640/480/Bayer.jpeg',91462,'{\"owner\": \"Madilyn Buckridge\"}','2012-02-04 19:34:47','2020-11-21 18:47:23'),(11,'http://dropbox.net/airbnb/http://lorempixel.com/640/480/Mayer.jpeg',72083,'{\"owner\": \"Rasheed Daniel\"}','1998-04-25 10:52:50','2020-11-21 18:47:23'),(12,'http://dropbox.net/airbnb/http://lorempixel.com/640/480/Hegmann.jpeg',26186,'{\"owner\": \"Jaylin Hoeger\"}','1980-04-04 16:51:19','2020-11-21 18:47:23'),(13,'http://dropbox.net/airbnb/http://lorempixel.com/640/480/Langworth.jpeg',19589,'{\"owner\": \"Aaron Blick\"}','1975-06-16 15:23:38','2020-11-21 18:47:23'),(14,'http://dropbox.net/airbnb/http://lorempixel.com/640/480/Stoltenberg.jpeg',31611,'{\"owner\": \"Janis Boehm\"}','1993-06-19 13:59:15','2020-11-21 18:47:23'),(15,'http://dropbox.net/airbnb/http://lorempixel.com/640/480/Bins.jpeg',104629,'{\"owner\": \"Alvah Ebert\"}','1984-04-21 08:45:49','2020-11-21 18:47:23'),(16,'http://dropbox.net/airbnb/http://lorempixel.com/640/480/Tremblay.jpeg',83169,'{\"owner\": \"Luella Ward\"}','1986-03-20 09:54:39','2020-11-21 18:47:23'),(17,'http://dropbox.net/airbnb/http://lorempixel.com/640/480/Heaney.jpeg',31206,'{\"owner\": \"Maureen King\"}','1985-03-04 13:36:08','2020-11-21 18:47:23'),(18,'http://dropbox.net/airbnb/http://lorempixel.com/640/480/Quitzon.jpeg',93996,'{\"owner\": \"Leonor Leuschke\"}','2005-06-05 09:02:05','2020-11-21 18:47:23'),(19,'http://dropbox.net/airbnb/http://lorempixel.com/640/480/Anderson.jpeg',30976,'{\"owner\": \"Danial Mitchell\"}','1973-03-18 22:57:17','2020-11-21 18:47:23'),(20,'http://dropbox.net/airbnb/http://lorempixel.com/640/480/Grady.jpeg',42809,'{\"owner\": \"Alex Mayer\"}','1979-08-23 12:02:05','2020-11-21 18:47:23'),(21,'http://dropbox.net/airbnb/http://lorempixel.com/640/480/Weber.jpeg',102057,'{\"owner\": \"Kay Kuhn\"}','1977-04-24 17:38:24','2020-11-21 18:47:23'),(22,'http://dropbox.net/airbnb/http://lorempixel.com/640/480/Rohan.jpeg',13996,'{\"owner\": \"Jordyn Towne\"}','2006-08-30 03:50:35','2020-11-21 18:47:23'),(23,'http://dropbox.net/airbnb/http://lorempixel.com/640/480/Quitzon.jpeg',15088,'{\"owner\": \"Violet Kozey\"}','1991-04-15 02:22:40','2020-11-21 18:47:23'),(24,'http://dropbox.net/airbnb/http://lorempixel.com/640/480/Mitchell.jpeg',22384,'{\"owner\": \"Devante Hessel\"}','1984-04-15 14:08:24','2020-11-21 18:47:23'),(25,'http://dropbox.net/airbnb/http://lorempixel.com/640/480/Feest.jpeg',102921,'{\"owner\": \"Jaime Conroy\"}','2012-08-06 16:09:56','2020-11-21 18:47:23'),(26,'http://dropbox.net/airbnb/http://lorempixel.com/640/480/Ryan.jpeg',84984,'{\"owner\": \"Leo Romaguera\"}','2012-03-06 01:41:47','2020-11-21 18:47:23'),(27,'http://dropbox.net/airbnb/http://lorempixel.com/640/480/Wiegand.jpeg',59291,'{\"owner\": \"Maggie Skiles\"}','2020-10-14 08:35:29','2020-11-21 18:47:23'),(28,'http://dropbox.net/airbnb/http://lorempixel.com/640/480/Kiehn.jpeg',54274,'{\"owner\": \"Chaim Pfannerstill\"}','2018-08-21 16:16:17','2020-11-21 18:47:23'),(29,'http://dropbox.net/airbnb/http://lorempixel.com/640/480/Powlowski.jpeg',11698,'{\"owner\": \"Elias Wunsch\"}','1977-10-22 01:58:58','2020-11-21 18:47:23'),(30,'http://dropbox.net/airbnb/http://lorempixel.com/640/480/Kshlerin.jpeg',102679,'{\"owner\": \"Francisca Stokes\"}','2002-06-01 11:23:20','2020-11-21 18:47:23'),(31,'http://dropbox.net/airbnb/http://lorempixel.com/640/480/Hegmann.jpeg',97431,'{\"owner\": \"Caden Thiel\"}','2020-05-25 15:23:46','2020-11-21 18:47:23'),(32,'http://dropbox.net/airbnb/http://lorempixel.com/640/480/Treutel.jpeg',20511,'{\"owner\": \"Toby Legros\"}','2002-12-28 06:37:43','2020-11-21 18:47:23'),(33,'http://dropbox.net/airbnb/http://lorempixel.com/640/480/Mraz.jpeg',88447,'{\"owner\": \"Osvaldo Mitchell\"}','2012-11-20 09:49:56','2020-11-21 18:47:23'),(34,'http://dropbox.net/airbnb/http://lorempixel.com/640/480/Tremblay.jpeg',73487,'{\"owner\": \"Kendra Runte\"}','2008-09-30 14:58:04','2020-11-21 18:47:23'),(35,'http://dropbox.net/airbnb/http://lorempixel.com/640/480/Turcotte.jpeg',83823,'{\"owner\": \"Abigail Hegmann\"}','2002-10-28 20:49:13','2020-11-21 18:47:23'),(36,'http://dropbox.net/airbnb/http://lorempixel.com/640/480/Mayer.jpeg',113832,'{\"owner\": \"Mabel O\'Conner\"}','1976-07-05 20:36:24','2020-11-21 18:47:23'),(37,'http://dropbox.net/airbnb/http://lorempixel.com/640/480/Turner.jpeg',75213,'{\"owner\": \"Gregg McLaughlin\"}','2013-11-01 00:15:44','2020-11-21 18:47:23'),(38,'http://dropbox.net/airbnb/http://lorempixel.com/640/480/Ward.jpeg',19097,'{\"owner\": \"Nicola Feest\"}','1981-03-18 18:00:44','2020-11-21 18:47:23'),(39,'http://dropbox.net/airbnb/http://lorempixel.com/640/480/Smitham.jpeg',103445,'{\"owner\": \"Stacey Hegmann\"}','1988-06-02 02:36:23','2020-11-21 18:47:23'),(40,'http://dropbox.net/airbnb/http://lorempixel.com/640/480/Schuster.jpeg',95745,'{\"owner\": \"Wendy West\"}','2015-04-24 01:50:27','2020-11-21 18:47:23'),(41,'http://dropbox.net/airbnb/http://lorempixel.com/640/480/Kuhn.jpeg',58898,'{\"owner\": \"Javier Nikolaus\"}','2001-04-08 21:58:18','2020-11-21 18:47:23'),(42,'http://dropbox.net/airbnb/http://lorempixel.com/640/480/Buckridge.jpeg',91624,'{\"owner\": \"Nickolas Bayer\"}','2013-07-20 11:36:00','2020-11-21 18:47:23'),(43,'http://dropbox.net/airbnb/http://lorempixel.com/640/480/Dach.jpeg',85047,'{\"owner\": \"Domenic Smitham\"}','2007-07-06 17:31:03','2020-11-21 18:47:23'),(44,'http://dropbox.net/airbnb/http://lorempixel.com/640/480/Zemlak.jpeg',118992,'{\"owner\": \"Lauretta Connelly\"}','2003-05-11 06:34:44','2020-11-21 18:47:23'),(45,'http://dropbox.net/airbnb/http://lorempixel.com/640/480/Ebert.jpeg',47663,'{\"owner\": \"Joesph Konopelski\"}','1983-09-02 16:05:42','2020-11-21 18:47:23'),(46,'http://dropbox.net/airbnb/http://lorempixel.com/640/480/Stokes.jpeg',17659,'{\"owner\": \"Olen Watsica\"}','2008-02-23 15:53:09','2020-11-21 18:47:23'),(47,'http://dropbox.net/airbnb/http://lorempixel.com/640/480/Pfannerstill.jpeg',91084,'{\"owner\": \"Lavern Ryan\"}','1989-04-05 11:41:36','2020-11-21 18:47:23'),(48,'http://dropbox.net/airbnb/http://lorempixel.com/640/480/Treutel.jpeg',76873,'{\"owner\": \"Travon Hauck\"}','1988-06-06 20:55:10','2020-11-21 18:47:23'),(49,'http://dropbox.net/airbnb/http://lorempixel.com/640/480/Weber.jpeg',92804,'{\"owner\": \"Rosa Heller\"}','1975-04-15 18:09:56','2020-11-21 18:47:23'),(50,'http://dropbox.net/airbnb/http://lorempixel.com/640/480/Hegmann.jpeg',21269,'{\"owner\": \"Herta Hackett\"}','2006-09-26 07:46:38','2020-11-21 18:47:23'),(51,'http://dropbox.net/airbnb/http://lorempixel.com/640/480/Torp.jpeg',100326,'{\"owner\": \"Mallory Morissette\"}','1988-02-19 23:08:51','2020-11-21 18:47:23'),(52,'http://dropbox.net/airbnb/http://lorempixel.com/640/480/Ward.jpeg',49569,'{\"owner\": \"Jarred Nolan\"}','1985-01-27 12:26:52','2020-11-21 18:47:23'),(53,'http://dropbox.net/airbnb/http://lorempixel.com/640/480/Stokes.jpeg',30462,'{\"owner\": \"Clint Turcotte\"}','1992-02-24 18:23:38','2020-11-21 18:47:23'),(54,'http://dropbox.net/airbnb/http://lorempixel.com/640/480/O\'Hara.jpeg',91903,'{\"owner\": \"Santina Haley\"}','1995-09-14 01:46:36','2020-11-21 18:47:23'),(55,'http://dropbox.net/airbnb/http://lorempixel.com/640/480/King.jpeg',108042,'{\"owner\": \"Letha Turner\"}','1980-05-17 11:24:53','2020-11-21 18:47:23'),(56,'http://dropbox.net/airbnb/http://lorempixel.com/640/480/Leuschke.jpeg',98406,'{\"owner\": \"Lera Tremblay\"}','2009-12-02 11:58:46','2020-11-21 18:47:23'),(57,'http://dropbox.net/airbnb/http://lorempixel.com/640/480/Zemlak.jpeg',81584,'{\"owner\": \"Antoinette Pfannerstill\"}','1985-06-28 20:59:32','2020-11-21 18:47:23'),(58,'http://dropbox.net/airbnb/http://lorempixel.com/640/480/Schuster.jpeg',107105,'{\"owner\": \"Bettie Beatty\"}','2001-10-23 03:10:36','2020-11-21 18:47:23'),(59,'http://dropbox.net/airbnb/http://lorempixel.com/640/480/Stoltenberg.jpeg',61599,'{\"owner\": \"Tod Rohan\"}','1993-06-05 05:06:51','2020-11-21 18:47:23'),(60,'http://dropbox.net/airbnb/http://lorempixel.com/640/480/Kiehn.jpeg',87070,'{\"owner\": \"Greyson Kiehn\"}','2013-07-11 19:41:54','2020-11-21 18:47:23'),(61,'http://dropbox.net/airbnb/http://lorempixel.com/640/480/Armstrong.jpeg',12432,'{\"owner\": \"Arielle Quitzon\"}','2001-11-06 17:09:25','2020-11-21 18:47:23'),(62,'http://dropbox.net/airbnb/http://lorempixel.com/640/480/Dach.jpeg',70627,'{\"owner\": \"Nina Keebler\"}','2016-11-26 04:20:51','2020-11-21 18:47:23'),(63,'http://dropbox.net/airbnb/http://lorempixel.com/640/480/Langworth.jpeg',73922,'{\"owner\": \"Daphney Stoltenberg\"}','2005-06-26 22:42:55','2020-11-21 18:47:23'),(64,'http://dropbox.net/airbnb/http://lorempixel.com/640/480/Conroy.jpeg',118333,'{\"owner\": \"Jean Schinner\"}','2013-10-04 06:42:58','2020-11-21 18:47:23'),(65,'http://dropbox.net/airbnb/http://lorempixel.com/640/480/Mitchell.jpeg',82583,'{\"owner\": \"Alexandria Armstrong\"}','2005-05-30 05:44:58','2020-11-21 18:47:23'),(66,'http://dropbox.net/airbnb/http://lorempixel.com/640/480/Ward.jpeg',80945,'{\"owner\": \"Blanca Mraz\"}','2017-07-08 19:25:08','2020-11-21 18:47:23'),(67,'http://dropbox.net/airbnb/http://lorempixel.com/640/480/Haley.jpeg',95144,'{\"owner\": \"Damion Powlowski\"}','1987-06-20 12:45:50','2020-11-21 18:47:23'),(68,'http://dropbox.net/airbnb/http://lorempixel.com/640/480/Beatty.jpeg',29734,'{\"owner\": \"Ella Kub\"}','1995-06-24 17:22:00','2020-11-21 18:47:23'),(69,'http://dropbox.net/airbnb/http://lorempixel.com/640/480/Pfannerstill.jpeg',62711,'{\"owner\": \"Karelle Mayer\"}','1977-07-26 21:14:36','2020-11-21 18:47:23'),(70,'http://dropbox.net/airbnb/http://lorempixel.com/640/480/Goyette.jpeg',112840,'{\"owner\": \"Grayson Ziemann\"}','1998-09-18 13:13:04','2020-11-21 18:47:23'),(71,'http://dropbox.net/airbnb/http://lorempixel.com/640/480/Blick.jpeg',88239,'{\"owner\": \"Marilie Herzog\"}','1990-07-28 23:37:59','2020-11-21 18:47:23'),(72,'http://dropbox.net/airbnb/http://lorempixel.com/640/480/Wiegand.jpeg',68488,'{\"owner\": \"Sienna Pfeffer\"}','2016-08-29 10:32:18','2020-11-21 18:47:23'),(73,'http://dropbox.net/airbnb/http://lorempixel.com/640/480/Nolan.jpeg',98494,'{\"owner\": \"Chloe Becker\"}','2010-05-22 09:13:01','2020-11-21 18:47:23'),(74,'http://dropbox.net/airbnb/http://lorempixel.com/640/480/Mraz.jpeg',39500,'{\"owner\": \"Misty Hyatt\"}','2003-12-25 09:46:41','2020-11-21 18:47:23'),(75,'http://dropbox.net/airbnb/http://lorempixel.com/640/480/Bayer.jpeg',47097,'{\"owner\": \"Pauline Treutel\"}','2004-06-21 19:39:28','2020-11-21 18:47:23'),(76,'http://dropbox.net/airbnb/http://lorempixel.com/640/480/Breitenberg.jpeg',114154,'{\"owner\": \"Myah Mayer\"}','1993-12-08 03:26:57','2020-11-21 18:47:23'),(77,'http://dropbox.net/airbnb/http://lorempixel.com/640/480/Mitchell.jpeg',100050,'{\"owner\": \"Erwin Breitenberg\"}','1974-03-05 09:59:06','2020-11-21 18:47:23'),(78,'http://dropbox.net/airbnb/http://lorempixel.com/640/480/Konopelski.jpeg',52948,'{\"owner\": \"Ara Franecki\"}','1999-12-11 05:41:00','2020-11-21 18:47:23'),(79,'http://dropbox.net/airbnb/http://lorempixel.com/640/480/Mayer.jpeg',118857,'{\"owner\": \"Alexie Little\"}','2019-06-20 21:18:29','2020-11-21 18:47:23'),(80,'http://dropbox.net/airbnb/http://lorempixel.com/640/480/Conroy.jpeg',90786,'{\"owner\": \"Geoffrey Langworth\"}','2020-05-07 06:50:51','2020-11-21 18:47:23'),(81,'http://dropbox.net/airbnb/http://lorempixel.com/640/480/King.jpeg',90211,'{\"owner\": \"Gerry Parker\"}','2005-05-16 07:33:01','2020-11-21 18:47:23'),(82,'http://dropbox.net/airbnb/http://lorempixel.com/640/480/Bayer.jpeg',16043,'{\"owner\": \"Lula Dooley\"}','1997-04-22 10:02:49','2020-11-21 18:47:23'),(83,'http://dropbox.net/airbnb/http://lorempixel.com/640/480/Pfannerstill.jpeg',107128,'{\"owner\": \"Cletus Kuhic\"}','1971-06-20 01:55:11','2020-11-21 18:47:23'),(84,'http://dropbox.net/airbnb/http://lorempixel.com/640/480/Watsica.jpeg',71984,'{\"owner\": \"Zaria Howell\"}','1988-07-06 12:10:53','2020-11-21 18:47:23'),(85,'http://dropbox.net/airbnb/http://lorempixel.com/640/480/Mayer.jpeg',52253,'{\"owner\": \"Alisha Kshlerin\"}','1988-06-03 03:20:49','2020-11-21 18:47:23'),(86,'http://dropbox.net/airbnb/http://lorempixel.com/640/480/Kuhic.jpeg',100252,'{\"owner\": \"Giovanni Weber\"}','1970-05-11 01:05:53','2020-11-21 18:47:23'),(87,'http://dropbox.net/airbnb/http://lorempixel.com/640/480/Mayer.jpeg',36564,'{\"owner\": \"Mariane Bins\"}','1990-11-22 23:56:25','2020-11-21 18:47:23'),(88,'http://dropbox.net/airbnb/http://lorempixel.com/640/480/Mayer.jpeg',113312,'{\"owner\": \"Monserrat Wiza\"}','1997-04-06 06:34:15','2020-11-21 18:47:23'),(89,'http://dropbox.net/airbnb/http://lorempixel.com/640/480/Blick.jpeg',119534,'{\"owner\": \"Melissa Ward\"}','2006-07-22 17:51:33','2020-11-21 18:47:23'),(90,'http://dropbox.net/airbnb/http://lorempixel.com/640/480/Feest.jpeg',13444,'{\"owner\": \"Esteban O\'Hara\"}','1975-04-28 11:57:11','2020-11-21 18:47:23'),(91,'http://dropbox.net/airbnb/http://lorempixel.com/640/480/Hackett.jpeg',26938,'{\"owner\": \"Olaf Wiegand\"}','2009-12-30 03:28:23','2020-11-21 18:47:23'),(92,'http://dropbox.net/airbnb/http://lorempixel.com/640/480/Block.jpeg',82958,'{\"owner\": \"Rhea Grimes\"}','1974-12-03 03:33:57','2020-11-21 18:47:23'),(93,'http://dropbox.net/airbnb/http://lorempixel.com/640/480/Becker.jpeg',10445,'{\"owner\": \"Enid Renner\"}','2016-02-29 13:22:05','2020-11-21 18:47:23'),(94,'http://dropbox.net/airbnb/http://lorempixel.com/640/480/Osinski.jpeg',51710,'{\"owner\": \"Bennett Bauch\"}','2020-06-12 02:38:09','2020-11-21 18:47:23'),(95,'http://dropbox.net/airbnb/http://lorempixel.com/640/480/Block.jpeg',81616,'{\"owner\": \"Kyler Hackett\"}','1981-08-08 17:19:10','2020-11-21 18:47:23'),(96,'http://dropbox.net/airbnb/http://lorempixel.com/640/480/Schuster.jpeg',12143,'{\"owner\": \"Rhianna Grady\"}','1986-10-20 17:39:45','2020-11-21 18:47:23'),(97,'http://dropbox.net/airbnb/http://lorempixel.com/640/480/Lockman.jpeg',59944,'{\"owner\": \"Karlee Watsica\"}','1975-10-03 12:59:20','2020-11-21 18:47:23'),(98,'http://dropbox.net/airbnb/http://lorempixel.com/640/480/Beer.jpeg',111570,'{\"owner\": \"Warren Osinski\"}','2004-12-13 20:10:39','2020-11-21 18:47:23'),(99,'http://dropbox.net/airbnb/http://lorempixel.com/640/480/O\'Hara.jpeg',117962,'{\"owner\": \"Donavon Lockman\"}','2005-03-06 21:58:21','2020-11-21 18:47:23'),(100,'http://dropbox.net/airbnb/http://lorempixel.com/640/480/Ryan.jpeg',53758,'{\"owner\": \"Guido Block\"}','1995-03-19 14:20:21','2020-11-21 18:46:28');
/*!40000 ALTER TABLE `photos` ENABLE KEYS */;
UNLOCK TABLES;

--
-- Temporary view structure for view `private_room`
--

DROP TABLE IF EXISTS `private_room`;
/*!50001 DROP VIEW IF EXISTS `private_room`*/;
SET @saved_cs_client     = @@character_set_client;
/*!50503 SET character_set_client = utf8mb4 */;
/*!50001 CREATE VIEW `private_room` AS SELECT 
 1 AS `id`,
 1 AS `id_guests_number`,
 1 AS `descriptions`,
 1 AS `location_city`,
 1 AS `location_country`,
 1 AS `prix_per_night`*/;
SET character_set_client = @saved_cs_client;

--
-- Table structure for table `reservations`
--

DROP TABLE IF EXISTS `reservations`;
/*!40101 SET @saved_cs_client     = @@character_set_client */;
/*!50503 SET character_set_client = utf8mb4 */;
CREATE TABLE `reservations` (
  `id` int unsigned NOT NULL AUTO_INCREMENT,
  `user_id` int unsigned NOT NULL,
  `apartment_id` int unsigned NOT NULL,
  `check_in` date NOT NULL,
  `check_out` date NOT NULL,
  `created_at` datetime DEFAULT CURRENT_TIMESTAMP,
  `updated_at` datetime DEFAULT CURRENT_TIMESTAMP ON UPDATE CURRENT_TIMESTAMP,
  PRIMARY KEY (`id`),
  KEY `reservations_user_id_fk` (`user_id`),
  KEY `reservations_apartment_id_fk` (`apartment_id`),
  KEY `reservations_check_in_check_out_idx` (`check_in`,`check_out`),
  CONSTRAINT `reservations_apartment_id_fk` FOREIGN KEY (`apartment_id`) REFERENCES `apartments` (`id`) ON DELETE CASCADE,
  CONSTRAINT `reservations_user_id_fk` FOREIGN KEY (`user_id`) REFERENCES `users` (`id`) ON DELETE CASCADE
) ENGINE=InnoDB AUTO_INCREMENT=101 DEFAULT CHARSET=utf8mb4 COLLATE=utf8mb4_0900_ai_ci COMMENT='Reservations';
/*!40101 SET character_set_client = @saved_cs_client */;

--
-- Dumping data for table `reservations`
--

LOCK TABLES `reservations` WRITE;
/*!40000 ALTER TABLE `reservations` DISABLE KEYS */;
INSERT INTO `reservations` VALUES (1,94,11,'2020-11-18','2020-11-22','2020-08-11 00:00:00','2020-08-11 00:00:00'),(2,35,6,'2020-11-22','2020-11-30','2020-08-11 00:00:00','2020-11-22 11:45:28'),(3,52,74,'2020-11-18','2020-11-22','2020-08-11 00:00:00','2020-08-11 00:00:00'),(4,24,28,'2020-11-18','2020-11-22','2020-08-11 00:00:00','2020-08-11 00:00:00'),(5,1,65,'2020-11-18','2020-11-22','2020-08-11 00:00:00','2020-08-11 00:00:00'),(6,51,80,'2020-11-22','2020-11-30','2020-08-11 00:00:00','2020-11-22 11:45:28'),(7,44,16,'2020-11-18','2020-11-22','2020-08-11 00:00:00','2020-08-11 00:00:00'),(8,72,12,'2020-11-22','2020-11-30','2020-08-11 00:00:00','2020-11-22 11:45:28'),(9,92,30,'2020-11-22','2020-11-30','2020-08-11 00:00:00','2020-11-22 11:45:28'),(10,55,84,'2020-11-22','2020-11-30','2020-08-11 00:00:00','2020-11-22 11:45:28'),(11,43,27,'2020-11-18','2020-11-22','2020-08-11 00:00:00','2020-08-11 00:00:00'),(12,22,16,'2020-11-18','2020-11-22','2020-08-11 00:00:00','2020-08-11 00:00:00'),(13,78,87,'2020-11-18','2020-11-22','2020-08-11 00:00:00','2020-08-11 00:00:00'),(14,48,79,'2020-11-18','2020-11-22','2020-08-11 00:00:00','2020-08-11 00:00:00'),(15,40,40,'2020-11-18','2020-11-22','2020-08-11 00:00:00','2020-08-11 00:00:00'),(16,17,81,'2020-11-18','2020-11-22','2020-08-11 00:00:00','2020-08-11 00:00:00'),(17,89,94,'2020-11-18','2020-11-22','2020-08-11 00:00:00','2020-08-11 00:00:00'),(18,15,100,'2020-11-18','2020-11-22','2020-08-11 00:00:00','2020-08-11 00:00:00'),(19,56,5,'2020-11-18','2020-11-22','2020-08-11 00:00:00','2020-08-11 00:00:00'),(20,90,89,'2020-11-18','2020-11-22','2020-08-11 00:00:00','2020-08-11 00:00:00'),(21,85,71,'2020-11-18','2020-11-22','2020-08-11 00:00:00','2020-08-11 00:00:00'),(22,15,63,'2020-11-18','2020-11-22','2020-08-11 00:00:00','2020-08-11 00:00:00'),(23,24,58,'2020-11-18','2020-11-22','2020-08-11 00:00:00','2020-08-11 00:00:00'),(24,88,10,'2020-11-18','2020-11-22','2020-08-11 00:00:00','2020-08-11 00:00:00'),(25,27,26,'2020-11-18','2020-11-22','2020-08-11 00:00:00','2020-08-11 00:00:00'),(26,49,99,'2020-11-18','2020-11-22','2020-08-11 00:00:00','2020-08-11 00:00:00'),(27,99,46,'2020-11-18','2020-11-22','2020-08-11 00:00:00','2020-08-11 00:00:00'),(28,85,76,'2020-11-18','2020-11-22','2020-08-11 00:00:00','2020-08-11 00:00:00'),(29,48,48,'2020-11-18','2020-11-22','2020-08-11 00:00:00','2020-08-11 00:00:00'),(30,72,71,'2020-11-18','2020-11-22','2020-08-11 00:00:00','2020-08-11 00:00:00'),(31,6,46,'2020-11-18','2020-11-22','2020-08-11 00:00:00','2020-08-11 00:00:00'),(32,31,76,'2020-11-18','2020-11-22','2020-08-11 00:00:00','2020-08-11 00:00:00'),(33,100,32,'2020-11-18','2020-11-22','2020-08-11 00:00:00','2020-08-11 00:00:00'),(34,29,94,'2020-11-18','2020-11-22','2020-08-11 00:00:00','2020-08-11 00:00:00'),(35,14,25,'2020-11-18','2020-11-22','2020-08-11 00:00:00','2020-08-11 00:00:00'),(36,67,88,'2020-11-18','2020-11-22','2020-08-11 00:00:00','2020-08-11 00:00:00'),(37,31,62,'2020-11-18','2020-11-22','2020-08-11 00:00:00','2020-08-11 00:00:00'),(38,91,25,'2020-11-18','2020-11-22','2020-08-11 00:00:00','2020-08-11 00:00:00'),(39,42,44,'2020-11-18','2020-11-22','2020-08-11 00:00:00','2020-08-11 00:00:00'),(40,86,35,'2020-11-18','2020-11-22','2020-08-11 00:00:00','2020-08-11 00:00:00'),(41,5,100,'2020-11-18','2020-11-22','2020-08-11 00:00:00','2020-08-11 00:00:00'),(42,19,98,'2020-11-18','2020-11-22','2020-08-11 00:00:00','2020-08-11 00:00:00'),(43,36,25,'2020-11-18','2020-11-22','2020-08-11 00:00:00','2020-08-11 00:00:00'),(44,32,6,'2020-11-18','2020-11-22','2020-08-11 00:00:00','2020-08-11 00:00:00'),(45,9,12,'2020-11-18','2020-11-22','2020-08-11 00:00:00','2020-08-11 00:00:00'),(46,16,20,'2020-11-18','2020-11-22','2020-08-11 00:00:00','2020-08-11 00:00:00'),(47,52,43,'2020-11-18','2020-11-22','2020-08-11 00:00:00','2020-08-11 00:00:00'),(48,73,59,'2020-11-18','2020-11-22','2020-08-11 00:00:00','2020-08-11 00:00:00'),(49,31,31,'2020-11-18','2020-11-22','2020-08-11 00:00:00','2020-08-11 00:00:00'),(50,76,1,'2020-11-18','2020-11-22','2020-08-11 00:00:00','2020-08-11 00:00:00'),(51,94,96,'2020-11-18','2020-11-22','2020-08-11 00:00:00','2020-08-11 00:00:00'),(52,86,32,'2020-11-18','2020-11-22','2020-08-11 00:00:00','2020-08-11 00:00:00'),(53,55,18,'2020-11-18','2020-11-22','2020-08-11 00:00:00','2020-08-11 00:00:00'),(54,53,96,'2020-11-18','2020-11-22','2020-08-11 00:00:00','2020-08-11 00:00:00'),(55,22,22,'2020-11-18','2020-11-22','2020-08-11 00:00:00','2020-08-11 00:00:00'),(56,94,31,'2020-11-18','2020-11-22','2020-08-11 00:00:00','2020-08-11 00:00:00'),(57,1,55,'2020-11-18','2020-11-22','2020-08-11 00:00:00','2020-08-11 00:00:00'),(58,9,80,'2020-11-18','2020-11-22','2020-08-11 00:00:00','2020-08-11 00:00:00'),(59,79,11,'2020-11-18','2020-11-22','2020-08-11 00:00:00','2020-08-11 00:00:00'),(60,48,65,'2020-11-18','2020-11-22','2020-08-11 00:00:00','2020-08-11 00:00:00'),(61,24,30,'2020-11-18','2020-11-22','2020-08-11 00:00:00','2020-08-11 00:00:00'),(62,29,73,'2020-11-18','2020-11-22','2020-08-11 00:00:00','2020-08-11 00:00:00'),(63,14,18,'2020-11-18','2020-11-22','2020-08-11 00:00:00','2020-08-11 00:00:00'),(64,100,27,'2020-11-18','2020-11-22','2020-08-11 00:00:00','2020-08-11 00:00:00'),(65,18,28,'2020-11-18','2020-11-22','2020-08-11 00:00:00','2020-08-11 00:00:00'),(66,86,36,'2020-11-18','2020-11-22','2020-08-11 00:00:00','2020-08-11 00:00:00'),(67,28,82,'2020-11-18','2020-11-22','2020-08-11 00:00:00','2020-08-11 00:00:00'),(68,68,16,'2020-11-18','2020-11-22','2020-08-11 00:00:00','2020-08-11 00:00:00'),(69,73,86,'2020-11-18','2020-11-22','2020-08-11 00:00:00','2020-08-11 00:00:00'),(70,80,3,'2020-11-18','2020-11-22','2020-08-11 00:00:00','2020-08-11 00:00:00'),(71,63,30,'2020-11-18','2020-11-22','2020-08-11 00:00:00','2020-08-11 00:00:00'),(72,95,2,'2020-11-18','2020-11-22','2020-08-11 00:00:00','2020-08-11 00:00:00'),(73,60,26,'2020-11-18','2020-11-22','2020-08-11 00:00:00','2020-08-11 00:00:00'),(74,80,58,'2020-11-18','2020-11-22','2020-08-11 00:00:00','2020-08-11 00:00:00'),(75,54,37,'2020-11-18','2020-11-22','2020-08-11 00:00:00','2020-08-11 00:00:00'),(76,48,47,'2020-11-18','2020-11-22','2020-08-11 00:00:00','2020-08-11 00:00:00'),(77,59,55,'2020-11-18','2020-11-22','2020-08-11 00:00:00','2020-08-11 00:00:00'),(78,42,96,'2020-11-18','2020-11-22','2020-08-11 00:00:00','2020-08-11 00:00:00'),(79,61,63,'2020-11-18','2020-11-22','2020-08-11 00:00:00','2020-08-11 00:00:00'),(80,96,88,'2020-11-18','2020-11-22','2020-08-11 00:00:00','2020-08-11 00:00:00'),(81,21,5,'2020-11-18','2020-11-22','2020-08-11 00:00:00','2020-08-11 00:00:00'),(82,4,56,'2020-11-18','2020-11-22','2020-08-11 00:00:00','2020-08-11 00:00:00'),(83,57,60,'2020-11-18','2020-11-22','2020-08-11 00:00:00','2020-08-11 00:00:00'),(84,4,79,'2020-11-18','2020-11-22','2020-08-11 00:00:00','2020-08-11 00:00:00'),(85,91,6,'2020-11-18','2020-11-22','2020-08-11 00:00:00','2020-08-11 00:00:00'),(86,19,80,'2020-11-18','2020-11-22','2020-08-11 00:00:00','2020-08-11 00:00:00'),(87,51,92,'2020-11-18','2020-11-22','2020-08-11 00:00:00','2020-08-11 00:00:00'),(88,16,36,'2020-11-18','2020-11-22','2020-08-11 00:00:00','2020-08-11 00:00:00'),(89,19,77,'2020-11-18','2020-11-22','2020-08-11 00:00:00','2020-08-11 00:00:00'),(90,78,94,'2020-11-18','2020-11-22','2020-08-11 00:00:00','2020-08-11 00:00:00'),(91,17,5,'2020-11-18','2020-11-22','2020-08-11 00:00:00','2020-08-11 00:00:00'),(92,45,58,'2020-11-18','2020-11-22','2020-08-11 00:00:00','2020-08-11 00:00:00'),(93,15,36,'2020-11-18','2020-11-22','2020-08-11 00:00:00','2020-08-11 00:00:00'),(94,19,81,'2020-11-18','2020-11-22','2020-08-11 00:00:00','2020-08-11 00:00:00'),(95,7,14,'2020-11-18','2020-11-22','2020-08-11 00:00:00','2020-08-11 00:00:00'),(96,22,1,'2020-11-18','2020-11-22','2020-08-11 00:00:00','2020-08-11 00:00:00'),(97,56,29,'2020-11-18','2020-11-22','2020-08-11 00:00:00','2020-08-11 00:00:00'),(98,75,88,'2020-11-18','2020-11-22','2020-08-11 00:00:00','2020-08-11 00:00:00'),(99,63,66,'2020-11-18','2020-11-22','2020-08-11 00:00:00','2020-08-11 00:00:00'),(100,72,80,'2020-11-18','2020-11-22','2020-08-11 00:00:00','2020-08-11 00:00:00');
/*!40000 ALTER TABLE `reservations` ENABLE KEYS */;
UNLOCK TABLES;

--
-- Table structure for table `reviews`
--

DROP TABLE IF EXISTS `reviews`;
/*!40101 SET @saved_cs_client     = @@character_set_client */;
/*!50503 SET character_set_client = utf8mb4 */;
CREATE TABLE `reviews` (
  `id` int unsigned NOT NULL,
  `user_id` int unsigned NOT NULL,
  `apartment_id` int unsigned NOT NULL,
  `content` text,
  `created_at` datetime DEFAULT CURRENT_TIMESTAMP,
  `updated_at` datetime DEFAULT CURRENT_TIMESTAMP ON UPDATE CURRENT_TIMESTAMP,
  PRIMARY KEY (`id`),
  KEY `reviews_user_id_fk` (`user_id`),
  KEY `reviews_apartment_id_fk` (`apartment_id`),
  CONSTRAINT `reviews_apartment_id_fk` FOREIGN KEY (`apartment_id`) REFERENCES `apartments` (`id`) ON DELETE CASCADE,
  CONSTRAINT `reviews_user_id_fk` FOREIGN KEY (`user_id`) REFERENCES `users` (`id`) ON DELETE CASCADE
) ENGINE=InnoDB DEFAULT CHARSET=utf8mb4 COLLATE=utf8mb4_0900_ai_ci COMMENT='Reviews';
/*!40101 SET character_set_client = @saved_cs_client */;

--
-- Dumping data for table `reviews`
--

LOCK TABLES `reviews` WRITE;
/*!40000 ALTER TABLE `reviews` DISABLE KEYS */;
INSERT INTO `reviews` VALUES (1,91,62,'Aut ducimus illum a ab aspernatur itaque sapiente. Et veritatis et animi illo. Ut qui eveniet doloribus. Cum est minus eum dolores vero cumque.','2003-01-04 20:02:51','2001-04-08 23:09:20'),(2,90,99,'Harum maxime molestiae occaecati aliquid. Quis est dolore voluptatem dolores. Distinctio ut magnam veritatis et hic ut neque. Occaecati quibusdam et esse. Nostrum autem eum accusamus enim.','1986-12-21 18:24:46','2015-10-08 16:09:23'),(3,67,65,'Nulla cumque quia et necessitatibus numquam mollitia quam. Accusantium quibusdam velit repellat sapiente temporibus. Quidem laborum rerum nobis aliquid sunt.','1996-02-08 10:49:16','2019-09-05 14:45:09'),(4,70,47,'Velit impedit voluptatem sint voluptatem. Voluptas officiis fugiat accusantium occaecati minus ducimus qui possimus. Earum totam vero dolores maxime blanditiis quas.','2020-08-05 05:12:23','2020-10-03 00:59:02'),(5,53,79,'Aut qui illo est. Quod exercitationem est quia natus vel. Quidem enim dicta similique dolores eligendi qui. Qui necessitatibus ut voluptatibus officiis. Qui soluta fugiat non.','2000-06-16 06:18:13','2018-04-06 05:12:02'),(6,41,45,'Sit nulla aliquid excepturi eum. Voluptatem maiores autem atque est earum voluptate. Voluptas et placeat aliquid et accusantium voluptatum. Aperiam dolores quis in voluptatem nobis.','1985-10-20 10:38:10','1979-05-26 21:01:02'),(7,43,76,'Necessitatibus ad cupiditate commodi ut blanditiis rerum commodi similique. Deleniti eum assumenda qui illum non aliquam. Unde est modi ipsum voluptas fugiat illo velit.','2005-10-26 21:36:22','1992-10-30 05:16:01'),(8,22,4,'Cupiditate labore aperiam asperiores voluptatem numquam accusamus. Et commodi reiciendis voluptas. Qui rerum laudantium ut quia nulla cum dignissimos. Qui est incidunt quia unde inventore soluta.','2004-04-20 18:35:01','2000-09-15 10:28:46'),(9,30,43,'Adipisci quia velit et est. Nihil eligendi soluta quo id ut perspiciatis. Molestiae molestiae harum nihil excepturi consequatur eum qui. Eaque ipsum perferendis eaque possimus dignissimos hic.','1990-03-03 09:47:32','2011-05-18 21:53:49'),(10,8,81,'Et vel rem rerum placeat et ut. Quod tempora facilis non sequi sint ducimus asperiores.','1973-06-16 16:03:19','1979-10-08 19:04:42'),(11,81,96,'Necessitatibus id earum ex eos illo non. Omnis libero quod doloremque est dolorem. Aut voluptatem beatae et aperiam doloribus.','2011-02-12 02:12:04','2001-11-20 11:16:22'),(12,41,7,'Ut id reiciendis odio laudantium hic harum et corrupti. Aut ipsam nulla ea. Et omnis est ipsum quaerat temporibus.','2013-01-19 02:16:25','1985-01-06 16:44:04'),(13,39,48,'Magni quidem aut consequatur. Distinctio alias beatae autem tenetur a consectetur. Id et dicta voluptatem. Perspiciatis repellat laboriosam voluptas nisi minima aut quia.','2018-09-06 12:47:32','1984-08-22 07:35:42'),(14,41,39,'Et pariatur consequatur odit. Voluptatem dignissimos qui commodi magnam reiciendis id nesciunt. Ut quibusdam eos cumque deleniti voluptatem qui amet.','2016-04-04 02:44:38','1974-01-30 19:38:07'),(15,37,30,'Et voluptas et incidunt voluptate autem ea velit quas. Doloribus et necessitatibus porro id dolores qui ipsum. Aut vitae sed eos porro aut illum. Perspiciatis magni eum quia ut voluptates.','2011-04-11 05:27:31','1986-07-23 19:11:31'),(16,77,59,'Nulla harum esse doloribus et. Aliquid illum voluptatem facere necessitatibus dolorem. Sapiente sint beatae doloremque aut.','2018-10-15 05:26:12','2005-04-03 14:13:46'),(17,66,53,'Et blanditiis omnis voluptas id. Dignissimos explicabo neque quo eum. Blanditiis est molestias asperiores doloremque velit laudantium occaecati quod.','1994-11-01 23:23:24','2017-12-14 16:22:46'),(18,70,35,'Dolor totam exercitationem quos eos. Recusandae et at quia sequi voluptatum. Velit molestiae non delectus excepturi. Est laboriosam tempora sunt laudantium cum dignissimos.','2013-05-15 07:35:25','2004-05-23 12:39:27'),(19,69,38,'Nemo non nobis omnis et laboriosam delectus. Qui consequatur nesciunt est minima dolorem eos aut. Mollitia nostrum similique a necessitatibus. Est quod reprehenderit ut ab nemo.','1999-07-17 09:48:02','2018-10-26 16:36:44'),(20,9,42,'Consequatur ut dolorem dolorem quis. Similique quidem quis nostrum pariatur. Totam error recusandae praesentium.','2006-08-29 06:02:06','2016-04-27 21:28:16'),(21,62,22,'Dolorem quia corrupti a dolorem. Molestias similique nostrum et assumenda ipsam quia neque. Vel ut nisi quidem nemo. Corporis ipsa est autem et provident.','1997-04-18 07:49:23','2010-12-31 07:11:27'),(22,61,57,'In nemo perspiciatis autem. Recusandae temporibus quae delectus molestiae ea. Et mollitia placeat necessitatibus.','2007-11-27 11:58:15','2005-12-04 10:50:11'),(23,79,19,'Accusantium molestias distinctio numquam modi est velit non ut. Atque distinctio impedit et velit qui id.','1976-12-29 19:42:45','1994-03-05 13:40:12'),(24,87,29,'Quibusdam voluptatem voluptatum repellendus ullam id ut sunt. Autem aut et velit repellat deleniti at mollitia. Dolorem repudiandae id inventore ut est neque qui facere. Porro a et voluptate ut.','1983-04-06 15:50:51','1997-02-14 16:45:15'),(25,19,1,'Itaque voluptas est nostrum deserunt exercitationem sed sed. Ea sint et autem libero.\nDolore laudantium voluptates autem. Doloremque ut adipisci aliquid sint quo et.','1982-04-30 10:30:36','1985-07-02 12:50:21'),(26,20,10,'Blanditiis non ut id qui. Maxime aut cupiditate molestiae qui eos. Nisi animi sint dignissimos dolores. Et porro voluptatem possimus rerum sed qui.','1975-09-11 12:47:13','1987-03-05 22:30:38'),(27,14,39,'Quos soluta repellendus est non. Impedit cumque ut optio ratione quos illo aut. Recusandae voluptatem quam cupiditate non delectus et.','1993-07-08 07:46:48','1979-08-21 14:42:48'),(28,12,76,'Adipisci blanditiis voluptatem nemo non et vel assumenda eaque. Eum molestias modi excepturi. Quae aut beatae laborum excepturi quia fuga et. Officia quas corrupti quod quo eius sint natus aut.','1984-10-14 08:50:01','1984-05-20 05:27:10'),(29,47,99,'Deleniti commodi amet ex. Atque a ut et omnis voluptatem repellat molestias. Impedit aut et ut exercitationem.','1972-03-28 22:48:09','1994-08-30 07:08:04'),(30,8,88,'Sit omnis doloremque quibusdam debitis tenetur quos rem. Et assumenda quibusdam laborum tenetur recusandae impedit qui. Autem consectetur aperiam porro ab animi saepe.','2007-05-07 16:06:43','1975-04-30 14:45:52'),(31,78,60,'Delectus ea repellendus assumenda beatae et molestias. Voluptatem rerum et ea quibusdam. Qui quos laboriosam libero vel necessitatibus facilis.','1979-12-06 08:10:35','1974-07-10 12:47:57'),(32,71,41,'Quas corporis et dolorum facilis. Odio ullam qui placeat distinctio sapiente doloribus. Eius iusto deleniti aut ipsam necessitatibus. Vero qui est vel iure.','1975-05-04 13:59:17','2007-03-20 19:20:36'),(33,69,15,'Et commodi excepturi labore porro commodi sed iste sit. Dolor a aspernatur provident. Ratione consectetur modi earum non nisi cumque.','2005-09-19 06:05:02','2011-03-21 07:09:23'),(34,99,84,'Ab ipsam similique velit ipsa iusto et tempore. Voluptas sint molestiae aperiam qui vel ab. Commodi et provident magnam porro omnis sint quia. Debitis veniam ipsa nihil unde atque est.','1993-05-28 10:01:24','2004-12-19 05:33:32'),(35,21,26,'Sit consequatur non distinctio qui non sit. Et non reprehenderit voluptas. Eos commodi qui omnis quis modi sit rem. Impedit fuga qui qui.','1992-06-02 05:27:38','2010-08-23 21:18:59'),(36,10,26,'Sequi sit ea qui omnis iste molestias officia. Omnis et qui qui accusamus. Voluptatibus sequi iusto quos velit error vel porro. Magni voluptatem voluptatem delectus modi adipisci dolorem unde.','2002-11-27 20:41:02','2007-07-08 17:05:04'),(37,51,65,'Provident quaerat minima consequatur. Et aut doloribus natus voluptatem eaque officiis voluptatibus. Alias iure voluptas deserunt repudiandae. Consequatur ut quis eaque nobis.','1993-09-28 13:55:29','2006-04-07 22:43:51'),(38,43,24,'Molestiae dolores assumenda excepturi recusandae. Dolorem non nemo fuga id voluptates pariatur sunt necessitatibus. Accusamus voluptatem possimus est earum libero rem ut autem.','1975-04-05 14:17:21','1989-12-15 13:01:34'),(39,5,21,'Officia dolore sit odit magni omnis. Ut in fuga ea. Quia ut qui doloribus qui.','1971-12-30 10:14:58','2001-12-13 12:56:32'),(40,72,16,'Quae quae voluptatem hic quos possimus. Officiis quo nulla voluptas quisquam. Quos tenetur vel qui recusandae ipsam. Excepturi omnis esse aspernatur doloribus.','1988-03-27 08:29:17','2019-05-16 02:28:56'),(41,97,52,'Ea incidunt ab molestiae quas dolorum similique. Quis necessitatibus ut maxime dolores nihil. Rerum laborum est eligendi magni sit. Voluptas recusandae possimus dicta et autem vel at.','1994-03-30 04:51:32','1976-07-09 20:56:50'),(42,72,35,'Eius velit aut minima autem consequatur maxime nemo. Dicta officia sit optio itaque et. Dolor quaerat nulla ad.','2009-07-25 02:15:49','2003-11-20 22:02:08'),(43,75,87,'Quo enim et voluptatum rerum. Et voluptatem dicta aut numquam vel dolor quia et. Labore modi harum nisi optio modi.','2014-05-07 05:13:13','1982-10-26 02:52:51'),(44,89,84,'Placeat et quos non voluptas et suscipit debitis. Dolor repudiandae itaque non nisi quia quas suscipit laudantium.','2006-09-07 15:53:48','2001-08-10 22:20:05'),(45,48,67,'Ut odio dicta et alias sed in. Non error labore error nihil. Ad voluptate repudiandae unde. Voluptas et sit id laborum aliquid sed.','1975-12-06 02:01:18','2011-08-29 10:34:55'),(46,98,66,'Et laboriosam dicta non vitae dicta iste. Provident officiis porro iste dolores consectetur. Vero atque et quae vitae iste. Sit rerum voluptas ad minus ipsam.','2018-04-26 23:04:47','1983-02-02 22:43:14'),(47,86,34,'Nihil repudiandae voluptates quasi laudantium vero labore. Cupiditate rerum et consequuntur reiciendis. Recusandae qui autem impedit aut eligendi. Enim blanditiis et tempore nesciunt.','2005-03-23 21:44:04','1977-06-23 18:53:57'),(48,50,58,'Vel dolorem eveniet voluptatum dolor non similique consequatur. Debitis et aut eaque id suscipit. Maiores dolorem dolorem fugit sed.','1970-06-23 12:19:33','1993-07-10 23:30:45'),(49,47,39,'Odit incidunt dignissimos corrupti illum. Qui et aspernatur deserunt.','2012-11-25 23:21:50','1989-03-27 16:35:34'),(50,15,98,'Voluptatem non exercitationem dolorem et adipisci inventore. Quibusdam tenetur enim voluptatum expedita. Repellat reiciendis accusantium vel aliquam natus iste cupiditate.','2018-10-30 00:49:16','2009-03-31 09:06:07'),(51,2,72,'Ea et reiciendis facilis perspiciatis et quam quae. Aut cumque consequuntur modi incidunt odio omnis voluptate.','1994-04-26 00:52:25','1986-08-28 04:29:17'),(52,16,74,'Quia voluptas ut numquam deleniti illo laboriosam eius. Et consequatur est sed. Assumenda itaque nisi ut odio sapiente in.','1999-07-28 19:40:47','2016-11-16 07:21:22'),(53,30,43,'Animi enim qui ut voluptates omnis. Aut neque voluptatem qui. Molestiae eos perferendis reiciendis in quis.\nImpedit quasi et suscipit rerum molestiae at. Sed sint inventore est aut natus.','1970-07-13 14:41:46','1985-10-11 10:52:14'),(54,41,20,'Sapiente ut quisquam vel ipsam amet aut expedita. Ullam incidunt similique dolores porro ea minus.','1976-04-21 06:43:40','1977-03-18 01:29:34'),(55,21,92,'Fuga ut quidem fugiat eos numquam quia. Asperiores placeat et accusantium cum. Error et aut iusto quo sit et expedita reprehenderit. Sint distinctio tenetur voluptatem officia et quidem rerum.','2015-06-07 09:21:31','1997-12-01 09:46:33'),(56,82,12,'Aut dolores quia fugit dicta quam eos dolorem. Molestiae sit odio molestiae. Quis voluptatem suscipit quo eaque eum delectus quia tenetur. Quo dolores quidem temporibus optio nisi quis aut repellat.','1977-04-09 16:23:42','2019-10-10 18:03:07'),(57,31,1,'Non quo et reprehenderit aut exercitationem dolorem alias. Amet reprehenderit quia nihil et qui aut rerum quo. Delectus sint aliquam repellat est.','1970-07-08 06:53:19','2007-10-03 05:59:17'),(58,81,69,'Quae quibusdam commodi et consequuntur. Sed quam velit itaque consectetur. Aperiam voluptatem quo deserunt quos minus at animi. Qui provident modi ut et.','2002-03-17 08:51:51','2011-08-31 20:11:22'),(59,16,32,'Corporis qui unde ut ipsam blanditiis laborum natus non. Iure quo nam magni impedit minima.','1990-12-09 11:58:53','2002-04-22 18:11:07'),(60,92,82,'Iusto voluptatibus assumenda eos necessitatibus est consectetur ut consequatur. Optio aliquam exercitationem beatae corporis tempore.','1976-01-27 06:05:03','1970-06-22 09:03:58'),(61,35,3,'Pariatur ut harum et pariatur nesciunt perferendis. Esse tempore dolor eos asperiores. Error praesentium minima qui distinctio enim et.','1976-12-04 20:26:56','1978-12-05 09:36:11'),(62,43,64,'Veniam modi quibusdam dolor quia. Omnis eum voluptates suscipit repellat suscipit. Dolore dolores enim quia consequatur porro sit voluptate.','1996-05-14 17:03:48','2009-02-24 02:35:28'),(63,95,99,'Aut ea beatae culpa blanditiis quidem modi id. Magni quas rerum excepturi id at temporibus provident.','1988-01-20 03:24:27','1973-11-18 12:59:33'),(64,53,58,'Amet consequuntur aperiam cupiditate odit tempora. Eveniet dolor quasi est nesciunt velit. Consequatur ut inventore et illo provident et.','1976-07-06 23:19:50','1995-02-06 14:02:24'),(65,69,21,'Dolorem a quaerat est harum iure fuga est. Illum est in et officiis laudantium magni. Qui quis et nisi ut veniam deserunt quaerat.','2017-05-16 16:58:17','2016-11-19 02:36:44'),(66,79,54,'Nesciunt aliquam dolor amet saepe. Ut aut voluptatum dolorum dolores. Nemo ipsam dolores et velit cumque occaecati et. Doloribus qui rerum vel ea.','1977-08-25 02:03:41','1971-04-10 02:07:00'),(67,17,91,'Voluptatem nam ab itaque est magni. Est recusandae officiis vel quam ad pariatur. Doloribus ut nihil enim et et maxime sed ea.','2014-10-25 01:19:11','1987-09-21 21:07:25'),(68,6,53,'Dolorum ab fuga est eligendi. Possimus non ad sint consequatur qui. Magnam totam fugit quia recusandae. Eligendi vero non et deserunt laborum. Qui aut est eum qui deleniti velit voluptas nihil.','2000-08-29 09:48:57','1982-01-08 00:26:15'),(69,18,77,'Fugit nemo sint unde natus sed molestias. Et ut dolores non omnis quae ut consequatur in. Aut autem accusantium sed nemo minus.','1995-03-06 20:56:37','1986-05-10 04:04:58'),(70,71,38,'Veritatis voluptas iste non velit neque veniam in animi. Dicta blanditiis nihil cum quibusdam. Provident doloremque earum et iusto. Minus ea deserunt quo non ea.','1981-01-09 17:53:43','2009-02-02 06:35:47'),(71,10,92,'Nam molestiae cumque nesciunt sed est occaecati. Et optio omnis eligendi. Facere itaque consectetur eaque pariatur et eius autem veritatis.','2018-12-22 02:40:21','2003-04-01 07:45:20'),(72,55,23,'Ut eos debitis ut eos architecto ipsum est. Ab repellendus veniam quo quia facilis omnis pariatur. Quisquam beatae aspernatur et qui illo eos expedita.','1970-07-16 04:38:23','1997-09-30 02:53:19'),(73,23,46,'In est facere id architecto modi eius ut. Veritatis autem et non. Dolorem ipsa ut doloribus at facilis deleniti. Molestiae non occaecati nostrum sunt. Voluptate libero dolor commodi assumenda.','1987-12-13 21:43:55','1978-08-04 03:36:05'),(74,63,65,'Laborum molestias reprehenderit qui quidem voluptas. Illo eius ut ut eius est quam. Laboriosam blanditiis voluptates consequuntur. Id consequatur aspernatur cumque repellendus eaque consequuntur.','1973-11-11 22:03:04','2011-03-24 03:06:35'),(75,73,70,'At distinctio suscipit sequi exercitationem assumenda accusamus. Ducimus ducimus rem ut natus. Voluptate vel eius ducimus omnis sequi qui.','1990-12-12 19:19:23','1995-06-26 23:12:06'),(76,93,85,'Saepe nisi et animi voluptas. Quisquam recusandae esse ullam nesciunt.','1988-08-26 21:35:59','2016-06-26 02:23:58'),(77,71,93,'Aut possimus eum placeat magnam rerum illum provident. Suscipit et dolor debitis sit asperiores. Nobis id qui hic nostrum.','2015-03-23 15:49:54','2006-07-04 02:53:45'),(78,50,98,'Cum perspiciatis et voluptatum rem. Officiis est autem voluptatum id autem. Et qui odit quis earum voluptatem hic deleniti. Autem amet ex sed occaecati a commodi.','2017-03-24 23:17:27','1987-11-03 05:53:05'),(79,47,40,'Eveniet quam earum eligendi. Quidem sunt iure deleniti dolorem sint at ea similique. Cumque id voluptates expedita ut.','1979-12-05 10:09:21','2007-12-19 17:52:28'),(80,84,40,'Consequuntur aperiam quo sequi architecto. Vel aut iure ea in.','1974-03-04 12:50:26','2018-05-08 02:53:42'),(81,65,15,'Recusandae qui porro mollitia aut dignissimos quibusdam dolorem. Excepturi iste deleniti soluta facere et fugiat. Quasi qui ipsa autem et sint. Natus fugiat quis aut iure ea dolor.','2018-06-11 02:29:15','1972-07-11 06:02:01'),(82,43,76,'Consectetur earum sit ad pariatur libero aut qui est. Culpa velit quaerat et minima molestiae autem.\nEligendi modi ab alias dolores dolore quidem unde. Perferendis amet id amet temporibus qui sint.','2000-02-10 00:58:46','1994-01-23 18:22:15'),(83,81,47,'Dicta sit error omnis aut. Molestiae aliquid id beatae quia dolor error. In veritatis vel doloribus rem numquam. Molestiae rem officia omnis consectetur sequi.','1999-01-05 15:01:34','1993-01-12 11:54:45'),(84,1,29,'Et quasi reprehenderit non voluptatibus nam eos. Modi sit in omnis molestiae optio quia harum. Sint earum iste sed sequi suscipit qui rerum. Cupiditate minus porro enim deleniti sunt fugit culpa.','1979-03-19 05:18:35','1972-06-20 15:24:58'),(85,81,67,'Dignissimos eveniet ipsum deserunt expedita. Ut qui eaque et ut autem tempore quibusdam.','1984-06-12 11:51:40','2009-04-14 21:57:23'),(86,43,70,'Eum mollitia non est officia esse. Ratione cumque laboriosam provident harum repellendus tenetur. Rerum eligendi vel rerum qui corrupti. Sit suscipit consequuntur unde enim officiis molestiae.','1990-01-20 14:04:23','1972-03-23 04:28:12'),(87,72,8,'Architecto animi aut molestias in assumenda. Eos iure deserunt nihil. Qui dolore beatae possimus excepturi nihil.','2000-03-01 16:04:08','2013-07-27 10:42:19'),(88,64,21,'Nam at rerum voluptatem. Qui dignissimos quia et quia expedita itaque. Inventore et quia amet dignissimos et hic. Ipsum et eius sint quaerat.','1992-09-25 01:09:11','2010-02-27 09:26:32'),(89,76,68,'Dolorem possimus omnis delectus exercitationem qui voluptatem ut. Illo ut perspiciatis doloremque est magnam rerum ut. Aut autem eos vitae. Est et et recusandae sequi.','1994-02-16 05:57:15','1992-02-13 06:57:31'),(90,49,53,'Aut dolorem magnam veritatis officia maiores fuga eos. Molestiae distinctio aut magni consequatur.','1982-04-02 16:26:43','1984-07-30 13:10:13'),(91,50,88,'Porro ipsum nulla et magni vel. Id laboriosam consectetur dolore hic deleniti. Quibusdam voluptates fuga et unde.','1990-03-16 08:04:14','2004-04-07 07:01:05'),(92,68,52,'Dolores nemo qui sed autem nihil sint molestias. Expedita quaerat odit reprehenderit sit nam dolorum. Facere alias et labore omnis soluta sit. Voluptate omnis fuga qui voluptatem perferendis quo.','1983-06-05 06:26:41','1984-01-14 04:41:18'),(93,61,41,'Commodi corrupti accusantium ea consequatur eligendi blanditiis ut repellat. Quo et rem quis in et. Id consectetur consequuntur sit sit iste ut ut earum. Voluptatibus nam velit doloremque.','1985-12-04 13:14:24','2006-11-02 05:32:48'),(94,51,51,'Suscipit ad nesciunt facere architecto. Et et nam enim pariatur. Placeat nemo eius et quibusdam et officia ab debitis. Repellat iusto sit earum corporis repellendus.','2004-09-29 18:31:06','2007-12-04 01:40:54'),(95,31,8,'Qui ut rerum ipsa aliquid ad nostrum quis consectetur. Consequatur voluptatibus exercitationem et nesciunt rerum maiores. Explicabo repellat nemo et. Illo dolores officiis quia velit.','1989-10-28 20:56:28','2008-05-26 14:46:56'),(96,95,44,'Cupiditate laborum vel aut at nulla voluptatum. Error dicta aliquid et cupiditate non ut eos. Dolorem accusamus placeat officiis ut alias molestias quisquam.','1983-01-25 21:04:30','2001-02-01 18:01:39'),(97,5,47,'Natus et consequatur similique voluptas mollitia. Similique iure culpa earum sed iure ex. Totam hic ratione totam error. Provident consequatur corporis corrupti laborum.','1994-01-05 22:01:01','1981-08-11 21:45:19'),(98,84,70,'Laborum laudantium ut porro recusandae. Et et eveniet ut dolore autem. Dolor voluptatem est corrupti dolor ratione alias. Porro omnis explicabo qui laudantium. Aut qui non qui cupiditate.','1996-05-12 10:21:38','2015-10-27 06:12:09'),(99,98,22,'Et impedit quo rerum perferendis hic. Officia tempore nobis asperiores at est et. Ipsum quidem et aut modi. Commodi nam ut culpa.','1983-02-24 17:40:11','1984-08-24 19:39:58'),(100,71,64,'Quod nihil ducimus eaque quaerat maxime. Molestias aut sed culpa quasi sunt. Incidunt nostrum ut sint. Et numquam at tenetur voluptas.','1972-07-26 06:25:25','2004-03-21 16:59:23');
/*!40000 ALTER TABLE `reviews` ENABLE KEYS */;
UNLOCK TABLES;

--
-- Table structure for table `users`
--

DROP TABLE IF EXISTS `users`;
/*!40101 SET @saved_cs_client     = @@character_set_client */;
/*!50503 SET character_set_client = utf8mb4 */;
CREATE TABLE `users` (
  `id` int unsigned NOT NULL AUTO_INCREMENT,
  `first_name` varchar(100) NOT NULL,
  `last_name` varchar(100) NOT NULL,
  `email` varchar(100) NOT NULL,
  `gender` enum('M','F') NOT NULL,
  `photo_id` int unsigned DEFAULT NULL,
  `city_id` int unsigned DEFAULT NULL,
  `created_at` datetime DEFAULT CURRENT_TIMESTAMP,
  `updated_at` datetime DEFAULT CURRENT_TIMESTAMP ON UPDATE CURRENT_TIMESTAMP,
  PRIMARY KEY (`id`),
  UNIQUE KEY `email` (`email`),
  KEY `users_photo_id_fk` (`photo_id`),
  KEY `users_city_id_fk` (`city_id`),
  CONSTRAINT `users_city_id_fk` FOREIGN KEY (`city_id`) REFERENCES `cities` (`id`) ON DELETE SET NULL,
  CONSTRAINT `users_photo_id_fk` FOREIGN KEY (`photo_id`) REFERENCES `photos` (`id`) ON DELETE SET NULL
) ENGINE=InnoDB AUTO_INCREMENT=101 DEFAULT CHARSET=utf8mb4 COLLATE=utf8mb4_0900_ai_ci COMMENT='Users AirBnb';
/*!40101 SET character_set_client = @saved_cs_client */;

--
-- Dumping data for table `users`
--

LOCK TABLES `users` WRITE;
/*!40000 ALTER TABLE `users` DISABLE KEYS */;
INSERT INTO `users` VALUES (1,'Will','Goyette','agnes.mcglynn@example.net','F',49,29,'2003-01-20 21:50:25','2011-06-11 02:37:43'),(2,'Nia','Dach','dframi@example.com','M',4,56,'2009-06-06 09:30:38','1999-02-19 14:53:47'),(3,'Ray','Anderson','tlynch@example.org','M',34,44,'1992-07-10 20:18:10','2001-05-12 21:30:35'),(4,'Mohamed','Torp','vergie.sawayn@example.com','M',93,33,'1988-01-31 22:49:11','2013-10-26 10:04:03'),(5,'Lowell','Heaney','leatha32@example.net','F',88,97,'2015-03-07 17:40:39','1998-01-02 19:27:01'),(6,'Keegan','Zemlak','maybelle65@example.org','M',39,56,'2006-04-15 07:44:37','1979-07-11 04:03:13'),(7,'Clotilde','Beer','orosenbaum@example.org','F',25,10,'2003-07-20 01:00:29','2018-07-30 15:40:51'),(8,'Laury','Hodkiewicz','okuneva.russ@example.com','F',22,85,'1994-10-30 15:01:13','2001-04-24 16:05:02'),(9,'Kattie','Schuster','pgrimes@example.net','F',38,59,'1985-12-15 15:25:35','1983-08-21 02:54:03'),(10,'Madilyn','Buckridge','macey.mcglynn@example.org','F',51,1,'2004-03-22 11:25:23','1982-11-16 01:34:16'),(11,'Rasheed','Daniel','emmalee72@example.com','F',30,3,'1998-07-21 22:35:10','1996-06-20 08:12:21'),(12,'Jaylin','Hoeger','stracke.zander@example.org','F',NULL,55,'1985-06-06 19:02:40','2020-11-21 18:34:40'),(13,'Aaron','Blick','mandy.pagac@example.net','F',84,39,'1992-01-12 15:32:50','2012-05-17 20:37:40'),(14,'Janis','Boehm','vvandervort@example.com','F',28,45,'1999-05-09 09:15:32','1985-07-29 10:55:50'),(15,'Alvah','Ebert','domenico.effertz@example.org','F',71,27,'1999-07-05 08:20:24','2013-10-12 18:32:37'),(16,'Luella','Ward','miller.thad@example.com','M',49,71,'1993-02-20 14:57:56','1970-07-28 21:31:03'),(17,'Maureen','King','jullrich@example.org','F',69,76,'1972-09-09 19:24:34','1976-03-11 06:03:05'),(18,'Leonor','Leuschke','bode.alexys@example.com','M',67,29,'1976-11-14 05:07:22','2003-05-19 15:56:25'),(19,'Danial','Mitchell','green.rick@example.net','F',39,46,'1980-09-01 23:45:03','1970-06-22 22:55:27'),(20,'Alex','Mayer','carmel81@example.net','F',21,7,'2020-05-19 20:07:19','2003-12-30 02:37:53'),(21,'Kay','Kuhn','lura14@example.com','M',40,52,'2015-04-10 15:56:57','1975-03-10 08:11:36'),(22,'Jordyn','Towne','nya.beatty@example.com','M',1,64,'2011-07-12 17:56:28','2016-12-02 22:21:35'),(23,'Violet','Kozey','ullrich.marilie@example.net','M',NULL,59,'1992-04-10 05:20:42','2020-11-21 18:34:40'),(24,'Devante','Hessel','ewald24@example.org','M',53,5,'2012-05-01 12:09:40','2016-10-10 06:07:12'),(25,'Jaime','Conroy','thansen@example.org','M',12,84,'1997-07-18 00:06:16','2011-07-01 11:33:52'),(26,'Leo','Romaguera','feest.kenyon@example.org','F',60,1,'1986-11-23 20:30:23','1986-12-15 01:33:16'),(27,'Maggie','Skiles','caleb.homenick@example.net','F',22,84,'1986-03-08 19:19:01','2001-01-26 22:12:14'),(28,'Chaim','Pfannerstill','deon.king@example.net','F',32,1,'2019-11-23 09:07:05','2017-01-24 18:26:42'),(29,'Elias','Wunsch','dheaney@example.org','M',99,64,'1983-11-06 16:55:54','1982-03-31 11:06:27'),(30,'Francisca','Stokes','melba10@example.com','M',13,80,'2000-01-09 16:12:59','1972-09-23 07:59:43'),(31,'Caden','Thiel','kaitlin52@example.com','M',91,7,'1982-02-24 11:19:44','1995-03-16 04:52:03'),(32,'Toby','Legros','opurdy@example.com','M',67,79,'1998-04-19 03:17:01','1987-08-04 14:38:22'),(33,'Osvaldo','Mitchell','pkohler@example.net','F',16,25,'1995-01-16 03:17:55','2007-02-23 15:07:42'),(34,'Kendra','Runte','ozella43@example.com','F',93,53,'2000-09-05 08:23:05','2019-11-08 18:08:56'),(35,'Abigail','Hegmann','kessler.nestor@example.org','M',NULL,68,'2002-07-11 02:14:36','2020-11-21 18:34:40'),(36,'Mabel','O\'Conner','rolfson.brooklyn@example.org','M',74,92,'2019-03-20 15:46:51','2004-09-18 01:23:02'),(37,'Gregg','McLaughlin','rice.perry@example.net','F',6,35,'1981-02-22 10:06:50','1979-04-09 09:03:42'),(38,'Nicola','Feest','shanelle.o\'kon@example.net','F',54,98,'1994-08-15 07:52:44','1994-04-09 23:04:19'),(39,'Stacey','Hegmann','alene03@example.net','M',85,44,'1983-06-25 17:41:40','2011-07-08 04:40:42'),(40,'Wendy','West','skye31@example.com','M',58,30,'1996-10-20 02:53:58','1979-03-11 08:04:11'),(41,'Javier','Nikolaus','onie.stark@example.org','M',79,32,'2020-04-22 06:49:20','2016-09-07 20:46:37'),(42,'Nickolas','Bayer','wanda56@example.org','F',51,80,'2013-07-17 15:08:03','1982-07-18 11:52:14'),(43,'Domenic','Smitham','bailey.thaddeus@example.net','M',NULL,96,'2017-08-25 09:00:44','2020-11-21 18:34:40'),(44,'Lauretta','Connelly','jerel.krajcik@example.net','M',74,9,'1970-10-18 01:28:36','1994-09-10 19:27:40'),(45,'Joesph','Konopelski','uhegmann@example.com','M',75,10,'1998-12-03 04:29:06','1976-06-20 06:42:11'),(46,'Olen','Watsica','kelton20@example.net','M',43,83,'1970-03-17 14:55:33','1974-02-24 10:17:56'),(47,'Lavern','Ryan','dena.yundt@example.net','M',13,52,'1980-11-28 02:39:18','2011-01-02 05:07:48'),(48,'Travon','Hauck','alize36@example.com','M',80,95,'2001-11-12 16:33:27','1991-04-28 09:42:49'),(49,'Rosa','Heller','merle61@example.org','M',43,6,'1986-03-20 15:30:58','2015-01-04 08:49:11'),(50,'Herta','Hackett','tamia.hudson@example.org','F',100,85,'2011-03-17 15:26:35','1996-09-16 23:57:13'),(51,'Mallory','Morissette','mayer.eulalia@example.com','F',86,21,'2019-12-24 12:26:26','2003-02-03 17:25:39'),(52,'Jarred','Nolan','maxwell81@example.org','M',61,47,'2015-11-06 06:49:38','2004-09-22 09:36:51'),(53,'Clint','Turcotte','victoria38@example.net','M',34,89,'2001-05-09 01:19:55','1972-02-09 03:22:41'),(54,'Santina','Haley','eichmann.jaden@example.org','F',81,33,'1982-04-20 03:02:17','1978-07-09 07:35:13'),(55,'Letha','Turner','rafaela89@example.org','F',46,71,'1991-11-15 15:16:32','2020-08-07 02:27:22'),(56,'Lera','Tremblay','geo35@example.com','F',8,25,'1973-05-09 06:34:46','2004-12-13 21:40:02'),(57,'Antoinette','Pfannerstill','mrempel@example.net','F',39,18,'2005-05-21 01:29:57','1980-10-31 18:17:47'),(58,'Bettie','Beatty','klesch@example.net','M',18,73,'1985-07-12 17:16:56','1970-06-22 08:19:23'),(59,'Tod','Rohan','sylvester.hayes@example.org','F',35,83,'1994-06-25 20:07:01','1981-08-03 01:21:49'),(60,'Greyson','Kiehn','marjolaine93@example.org','F',21,56,'2020-06-05 04:08:52','1999-04-24 10:39:46'),(61,'Arielle','Quitzon','camylle59@example.com','F',37,93,'1975-04-02 18:59:17','1988-05-13 19:38:29'),(62,'Nina','Keebler','berniece27@example.org','F',67,2,'1999-11-25 11:01:02','2015-10-25 09:32:08'),(63,'Daphney','Stoltenberg','breitenberg.jennings@example.com','F',100,32,'2002-06-17 17:04:21','1994-02-10 08:40:32'),(64,'Jean','Schinner','abrakus@example.org','F',85,9,'2019-11-11 02:40:20','2005-02-26 22:19:08'),(65,'Alexandria','Armstrong','abbigail13@example.org','M',13,26,'1982-11-04 13:11:38','1974-11-03 10:06:10'),(66,'Blanca','Mraz','greenfelder.pamela@example.com','F',23,53,'1977-10-19 10:22:52','2013-09-11 02:20:16'),(67,'Damion','Powlowski','katlynn93@example.net','M',19,85,'1995-09-29 01:52:35','1985-12-13 04:44:37'),(68,'Ella','Kub','jailyn.ratke@example.org','M',80,54,'2007-06-26 07:09:02','1983-08-02 04:30:37'),(69,'Karelle','Mayer','rlittle@example.org','F',98,5,'2014-03-22 07:54:14','1974-02-07 16:03:09'),(70,'Grayson','Ziemann','florencio.luettgen@example.net','F',77,40,'2010-01-15 14:39:12','2009-10-06 16:30:19'),(71,'Marilie','Herzog','wcarter@example.org','F',98,34,'2008-01-11 00:41:30','2007-08-19 10:29:58'),(72,'Sienna','Pfeffer','marjolaine.dooley@example.net','F',32,81,'2014-10-08 01:27:50','1983-10-16 15:18:34'),(73,'Chloe','Becker','michaela.shields@example.net','F',12,9,'2000-07-15 17:53:06','2010-02-10 13:36:35'),(74,'Misty','Hyatt','sheila.hayes@example.net','M',84,5,'1984-11-20 03:15:51','1996-09-08 21:47:43'),(75,'Pauline','Treutel','nspinka@example.net','F',77,19,'1988-06-12 10:02:01','2004-11-13 15:36:08'),(76,'Myah','Mayer','wklein@example.org','F',NULL,87,'1987-05-27 13:18:28','2020-11-21 18:34:40'),(77,'Erwin','Breitenberg','ricardo.kerluke@example.com','F',63,12,'1996-05-02 10:35:00','2011-08-08 14:48:48'),(78,'Ara','Franecki','scot.nienow@example.com','M',53,22,'2014-04-30 01:41:30','1990-05-09 01:31:55'),(79,'Alexie','Little','farmstrong@example.net','M',89,37,'2013-06-04 08:24:03','1971-12-22 16:27:55'),(80,'Geoffrey','Langworth','evalyn.sawayn@example.org','F',7,92,'1976-09-10 00:43:38','2017-01-26 08:01:14'),(81,'Gerry','Parker','lulu93@example.org','M',100,90,'1973-05-03 20:35:56','2001-04-26 05:14:01'),(82,'Lula','Dooley','fmann@example.org','F',41,56,'2017-09-13 07:00:27','1978-10-23 04:40:40'),(83,'Cletus','Kuhic','obie69@example.org','M',64,6,'1999-12-22 00:38:18','2013-12-22 17:50:33'),(84,'Zaria','Howell','llegros@example.net','M',59,29,'2001-06-24 19:07:04','2019-07-25 16:27:09'),(85,'Alisha','Kshlerin','broderick.bosco@example.com','M',78,89,'1993-06-12 03:17:43','1988-02-15 22:23:17'),(86,'Giovanni','Weber','emmy93@example.com','F',47,12,'1993-01-26 04:02:08','1991-10-22 01:30:49'),(87,'Mariane','Bins','gkautzer@example.org','F',59,99,'1993-09-01 04:05:15','1996-06-04 08:04:37'),(88,'Monserrat','Wiza','kacey88@example.org','M',84,77,'1999-09-09 16:20:23','2005-06-17 19:35:06'),(89,'Melissa','Ward','ydavis@example.net','F',19,92,'2008-11-21 14:42:58','1978-08-09 15:20:13'),(90,'Esteban','O\'Hara','malinda76@example.net','M',43,22,'2014-08-26 02:10:01','2019-09-14 05:14:12'),(91,'Olaf','Wiegand','addie.schultz@example.com','M',20,30,'1978-12-11 03:00:11','1970-08-13 13:47:19'),(92,'Rhea','Grimes','fletcher.dickens@example.org','M',48,83,'1997-06-07 11:29:11','2017-12-31 22:06:46'),(93,'Enid','Renner','wweber@example.com','M',72,91,'2015-10-01 09:17:56','1985-03-11 04:35:50'),(94,'Bennett','Bauch','kirlin.jaleel@example.com','F',22,64,'2001-06-08 00:29:16','2001-12-08 20:55:21'),(95,'Kyler','Hackett','harry.ortiz@example.org','M',22,38,'2004-06-25 03:55:12','1979-07-20 14:59:48'),(96,'Rhianna','Grady','whoeger@example.org','F',61,76,'1990-09-07 12:19:50','2003-05-24 10:04:10'),(97,'Karlee','Watsica','elody.simonis@example.org','F',58,77,'2007-10-02 07:16:45','1999-04-29 07:15:49'),(98,'Warren','Osinski','susan95@example.net','F',NULL,60,'1989-05-26 02:56:29','2020-11-21 18:34:40'),(99,'Donavon','Lockman','fernando05@example.org','M',79,8,'1994-11-16 03:33:19','2005-01-29 01:58:03'),(100,'Guido','Block','werner.lakin@example.org','F',67,70,'1991-09-15 03:42:19','2000-11-29 18:15:07');
/*!40000 ALTER TABLE `users` ENABLE KEYS */;
UNLOCK TABLES;

--
-- Table structure for table `users_apartments`
--

DROP TABLE IF EXISTS `users_apartments`;
/*!40101 SET @saved_cs_client     = @@character_set_client */;
/*!50503 SET character_set_client = utf8mb4 */;
CREATE TABLE `users_apartments` (
  `apartment_id` int unsigned NOT NULL,
  `user_id` int unsigned NOT NULL,
  `created_at` datetime DEFAULT CURRENT_TIMESTAMP,
  PRIMARY KEY (`apartment_id`,`user_id`),
  KEY `users_apartments_user_id_fk` (`user_id`),
  CONSTRAINT `users_apartments_apartment_id_fk` FOREIGN KEY (`apartment_id`) REFERENCES `apartments` (`id`) ON DELETE CASCADE,
  CONSTRAINT `users_apartments_user_id_fk` FOREIGN KEY (`user_id`) REFERENCES `users` (`id`) ON DELETE CASCADE
) ENGINE=InnoDB DEFAULT CHARSET=utf8mb4 COLLATE=utf8mb4_0900_ai_ci COMMENT='Links apartment owner';
/*!40101 SET character_set_client = @saved_cs_client */;

--
-- Dumping data for table `users_apartments`
--

LOCK TABLES `users_apartments` WRITE;
/*!40000 ALTER TABLE `users_apartments` DISABLE KEYS */;
INSERT INTO `users_apartments` VALUES (1,80,'1995-11-13 14:10:26'),(2,8,'2003-11-02 18:49:03'),(3,68,'1988-08-16 21:47:35'),(4,8,'1983-08-10 20:34:27'),(5,99,'2009-05-24 09:33:52'),(6,8,'1987-06-14 22:59:46'),(7,18,'2016-02-04 02:48:26'),(8,8,'1979-12-24 00:34:18'),(9,76,'2001-11-25 04:59:26'),(10,42,'1984-11-10 16:16:08'),(11,26,'1970-09-25 00:12:59'),(12,64,'2015-10-31 15:28:52'),(13,60,'1991-06-19 19:01:18'),(14,24,'2014-03-25 09:30:41'),(15,72,'1979-09-22 22:55:56'),(16,58,'1990-12-04 13:30:29'),(17,15,'1972-03-09 20:25:15'),(18,26,'2013-03-28 03:47:15'),(19,70,'2020-05-26 01:44:58'),(20,23,'2007-07-26 17:48:35'),(21,37,'1976-04-18 14:02:30'),(22,84,'1993-06-29 21:09:22'),(23,9,'1999-10-05 11:16:11'),(24,51,'1997-01-20 07:52:41'),(25,96,'1972-02-01 14:48:13'),(26,52,'1985-11-16 13:40:52'),(27,92,'2012-10-17 09:09:41'),(28,18,'1974-09-27 13:36:42'),(29,95,'1998-09-18 20:06:15'),(30,23,'1990-06-03 07:28:10'),(31,65,'1995-01-22 18:53:21'),(32,74,'2014-10-12 07:44:03'),(33,95,'1983-03-23 02:27:50'),(34,41,'1982-03-19 00:13:06'),(35,59,'1998-07-30 06:25:41'),(36,16,'1975-03-25 15:27:03'),(37,89,'1993-06-26 17:55:22'),(38,65,'1987-02-12 04:04:47'),(39,32,'1977-09-22 04:07:43'),(40,33,'2004-03-21 11:09:59'),(41,87,'1990-02-22 07:03:07'),(42,87,'1976-07-29 01:56:38'),(43,38,'1999-08-26 07:10:41'),(44,60,'1996-08-22 14:02:37'),(45,9,'1979-06-20 18:09:36'),(46,48,'1993-10-22 02:02:33'),(47,99,'1988-12-28 08:48:02'),(48,41,'2003-08-15 18:51:19'),(49,82,'1985-01-23 20:57:59'),(50,43,'1973-08-20 21:02:39'),(51,98,'2013-10-03 00:14:00'),(52,5,'2003-06-22 06:21:26'),(53,81,'2001-08-24 16:35:40'),(54,29,'1972-08-29 17:02:22'),(55,42,'1982-02-04 22:59:36'),(56,44,'1977-04-19 08:04:50'),(57,6,'1989-09-07 12:12:50'),(58,56,'2007-04-07 07:55:28'),(59,89,'1989-01-13 16:29:04'),(60,84,'2005-05-03 10:41:00'),(61,62,'1995-07-02 18:03:03'),(62,43,'1991-08-23 21:57:53'),(63,6,'2008-05-28 22:47:14'),(64,40,'2000-04-23 10:15:15'),(65,48,'1981-06-16 22:18:21'),(66,58,'2007-01-10 10:16:19'),(67,14,'1983-01-20 23:48:20'),(68,41,'1996-11-04 22:58:55'),(69,100,'2004-10-23 13:05:56'),(70,95,'1992-05-26 14:01:42'),(71,22,'1995-12-02 08:47:38'),(72,68,'1986-09-29 02:46:10'),(73,59,'2008-01-13 16:14:04'),(74,74,'1995-11-09 06:55:39'),(75,87,'1971-09-07 07:58:04'),(76,28,'2017-07-19 20:51:52'),(77,34,'1994-03-09 19:05:14'),(78,99,'2004-03-16 22:33:22'),(79,2,'2002-12-17 10:54:26'),(80,78,'1979-05-12 19:00:45'),(81,93,'1989-05-22 12:32:37'),(82,3,'2001-10-10 19:20:13'),(83,73,'1994-07-28 12:25:37'),(84,6,'1984-08-03 23:59:43'),(85,94,'2006-11-18 18:51:56'),(86,40,'2007-01-03 09:27:38'),(87,13,'2003-01-22 04:09:52'),(88,82,'2015-10-26 22:05:59'),(89,52,'2009-02-08 23:38:04'),(90,78,'2014-12-11 10:34:29'),(91,88,'1976-10-07 08:51:45'),(92,68,'1987-06-29 03:19:37'),(93,69,'2015-11-03 00:38:25'),(94,43,'2005-01-09 16:03:47'),(95,34,'2014-06-25 17:47:50'),(96,25,'2004-02-12 18:03:42'),(97,6,'2013-05-21 11:35:57'),(98,36,'2005-10-08 12:14:24'),(99,5,'2000-02-29 09:06:13'),(100,64,'2013-07-05 02:04:49');
/*!40000 ALTER TABLE `users_apartments` ENABLE KEYS */;
UNLOCK TABLES;

--
-- Final view structure for view `accounting`
--

/*!50001 DROP VIEW IF EXISTS `accounting`*/;
/*!50001 SET @saved_cs_client          = @@character_set_client */;
/*!50001 SET @saved_cs_results         = @@character_set_results */;
/*!50001 SET @saved_col_connection     = @@collation_connection */;
/*!50001 SET character_set_client      = utf8mb4 */;
/*!50001 SET character_set_results     = utf8mb4 */;
/*!50001 SET collation_connection      = utf8mb4_0900_ai_ci */;
/*!50001 CREATE ALGORITHM=UNDEFINED */
/*!50013 DEFINER=`root`@`localhost` SQL SECURITY DEFINER */
/*!50001 VIEW `accounting` AS select `reservations`.`id` AS `reservation_number`,`users`.`first_name` AS `first_name`,`users`.`last_name` AS `last_name`,`reservations`.`check_in` AS `check_in`,`reservations`.`check_out` AS `check_out`,`apartments`.`prix` AS `prix_per_night`,(cast(`reservations`.`check_out` as date) - cast(`reservations`.`check_in` as date)) AS `days`,((cast(`reservations`.`check_out` as date) - cast(`reservations`.`check_in` as date)) * `apartments`.`prix`) AS `total_cost` from ((`reservations` join `users` on((`reservations`.`user_id` = `users`.`id`))) join `apartments` on((`reservations`.`apartment_id` = `apartments`.`id`))) */;
/*!50001 SET character_set_client      = @saved_cs_client */;
/*!50001 SET character_set_results     = @saved_cs_results */;
/*!50001 SET collation_connection      = @saved_col_connection */;

--
-- Final view structure for view `private_room`
--

/*!50001 DROP VIEW IF EXISTS `private_room`*/;
/*!50001 SET @saved_cs_client          = @@character_set_client */;
/*!50001 SET @saved_cs_results         = @@character_set_results */;
/*!50001 SET @saved_col_connection     = @@collation_connection */;
/*!50001 SET character_set_client      = utf8mb4 */;
/*!50001 SET character_set_results     = utf8mb4 */;
/*!50001 SET collation_connection      = utf8mb4_0900_ai_ci */;
/*!50001 CREATE ALGORITHM=UNDEFINED */
/*!50013 DEFINER=`root`@`localhost` SQL SECURITY DEFINER */
/*!50001 VIEW `private_room` AS select `apartments`.`id` AS `id`,`apartments`.`id_guests_number` AS `id_guests_number`,`apartments`.`descriptions` AS `descriptions`,`cities`.`name` AS `location_city`,`countries`.`name` AS `location_country`,`apartments`.`prix` AS `prix_per_night` from ((`apartments` join `cities` on((`apartments`.`city_id` = `cities`.`id`))) join `countries` on((`cities`.`country_id` = `countries`.`id`))) where (`apartments`.`types` = 'private room') */;
/*!50001 SET character_set_client      = @saved_cs_client */;
/*!50001 SET character_set_results     = @saved_cs_results */;
/*!50001 SET collation_connection      = @saved_col_connection */;
/*!40103 SET TIME_ZONE=@OLD_TIME_ZONE */;

/*!40101 SET SQL_MODE=@OLD_SQL_MODE */;
/*!40014 SET FOREIGN_KEY_CHECKS=@OLD_FOREIGN_KEY_CHECKS */;
/*!40014 SET UNIQUE_CHECKS=@OLD_UNIQUE_CHECKS */;
/*!40101 SET CHARACTER_SET_CLIENT=@OLD_CHARACTER_SET_CLIENT */;
/*!40101 SET CHARACTER_SET_RESULTS=@OLD_CHARACTER_SET_RESULTS */;
/*!40101 SET COLLATION_CONNECTION=@OLD_COLLATION_CONNECTION */;
/*!40111 SET SQL_NOTES=@OLD_SQL_NOTES */;

-- Dump completed on 2020-11-22 18:31:43
